;Gene;RNA;ID;Monomer;ID.1;Process;KO index
35;alr;EG10001_RNA;ALARACEBIOSYN-MONOMER;Metabolism;;;16
217;dfp;EG10004_RNA;EG10004-MONOMER;Metabolism;;;19
206;dcuB;EG10006_RNA;DCUB-MONOMER;Metabolism;;;20
444;hisM;EG10007_RNA;HISM-MONOMER;Metabolism;;;21
170;cydC;EG10012_RNA;CYDC-MONOMER;Metabolism;;;25
348;garL;EG10016_RNA;KDGALDOL-MONOMER;Metabolism;;;29
479;ispB;EG10017_RNA;OPPSYN-MONOMER;Metabolism;;;30
5;aceA;EG10022_RNA;ISOCIT-LYASE-MONOMER;Metabolism;;;34
6;aceB;EG10023_RNA;MALATE-SYNTHASE;Metabolism;;;35
7;aceE;EG10024_RNA;E1P-MONOMER;Metabolism;;;36
8;aceF;EG10025_RNA;E2P-MONOMER;Metabolism;;;37
9;ackA;EG10027_RNA;ACETATEKINA-MONOMER;Metabolism;;;39
18;add;EG10030_RNA;ADENODEAMIN-MONOMER;Metabolism;;;42
20;adhE;EG10031_RNA;ADHE-MONOMER;Metabolism;;;43
23;adk;EG10032_RNA;ADENYL-KIN-MONOMER;Metabolism;;;44
29;alaS;EG10034_RNA;ALAS-MONOMER;Metabolism;;;46
30;aldA;EG10035_RNA;LACTALDDEHYDROG-MONOMER;Metabolism;;;47
839;puuC;EG10036_RNA;ALDHDEHYDROG-MONOMER;Metabolism;;;48
41;amn;EG10039_RNA;AMP-NUCLEOSID-MONOMER;Metabolism;;;50
190;cysQ;EG10043_RNA;EG10043-MONOMER;Metabolism;;;54
43;ansA;EG10045_RNA;ANSA-MONOMER;Metabolism;;;56
44;ansB;EG10046_RNA;ANSB-MONOMER;Metabolism;;;57
46;apaH;EG10048_RNA;EG10048-MONOMER;Metabolism;;;59
48;appA;EG10049_RNA;APPA-MONOMER;Metabolism;;;60
51;apt;EG10051_RNA;ADENPRIBOSYLTRAN-MONOMER;Metabolism;;;62
53;araA;EG10052_RNA;ARABISOM-MONOMER;Metabolism;;;63
54;araB;EG10053_RNA;RIBULOKIN-MONOMER;Metabolism;;;64
55;araC;EG10054_RNA;PD00242;Transcription;Regulation;;65
56;araD;EG10055_RNA;RIBULPEPIM-MONOMER;Metabolism;;;66
57;araE;EG10056_RNA;ARAE-MONOMER;Metabolism;;;67
58;araF;EG10057_RNA;ARAF-MONOMER;Metabolism;;;68
59;araG;EG10058_RNA;ARAG-MONOMER;Metabolism;;;69
60;araH;EG10059_RNA;ARAH-MONOMER;Metabolism;;;70
61;arcA;EG10061_RNA;ARCA-MONOMER;Transcription;Regulation;;72
62;argA;EG10063_RNA;N-ACETYLTRANSFER-MONOMER;Metabolism;;;74
63;argB;EG10064_RNA;ACETYLGLUTKIN-MONOMER;Metabolism;;;75
64;argC;EG10065_RNA;N-ACETYLGLUTPREDUCT-MONOMER;Metabolism;;;76
65;argD;EG10066_RNA;ACETYLORNTRANSAM-MONOMER;Metabolism;;;77
67;argF;EG10067_RNA;CHAINF-MONOMER;Metabolism;;;78
68;argG;EG10068_RNA;ARGSUCCINSYN-MONOMER;Metabolism;;;79
70;argI;EG10069_RNA;CHAINI-MONOMER;Metabolism;;;80
72;argR;EG10070_RNA;PD00194;Transcription;Regulation;;81
73;argS;EG10071_RNA;ARGS-MONOMER;Metabolism;;;82
74;argT;EG10072_RNA;ARGT-MONOMER;Metabolism;;;83
77;aroA;EG10073_RNA;AROA-MONOMER;Metabolism;;;84
78;aroB;EG10074_RNA;AROB-MONOMER;Metabolism;;;85
79;aroC;EG10075_RNA;AROC-MONOMER;Metabolism;;;86
80;aroD;EG10076_RNA;AROD-MONOMER;Metabolism;;;87
81;aroE;EG10077_RNA;AROE-MONOMER;Metabolism;;;88
82;aroF;EG10078_RNA;AROF-MONOMER;Metabolism;;;89
83;aroG;EG10079_RNA;AROG-MONOMER;Metabolism;;;90
84;aroH;EG10080_RNA;AROH-MONOMER;Metabolism;;;91
85;aroK;EG10081_RNA;AROK-MONOMER;Metabolism;;;92
86;aroL;EG10082_RNA;AROL-MONOMER;Metabolism;;;93
87;aroP;EG10084_RNA;AROP-MONOMER;Metabolism;;;95
94;asd;EG10088_RNA;ASP-SEMIALDEHYDE-DEHYDROGENASE-MONOMER;Metabolism;;;99
95;asnA;EG10091_RNA;ASNSYNA-MONOMER;Metabolism;;;102
96;asnB;EG10092_RNA;ASNSYNB-MONOMER;Metabolism;;;103
97;asnS;EG10094_RNA;ASNS-MONOMER;Metabolism;;;105
98;aspA;EG10095_RNA;ASPARTASE-MONOMER;Metabolism;;;106
99;aspC;EG10096_RNA;ASPAMINOTRANS-MONOMER;Metabolism;;;107
100;aspS;EG10097_RNA;ASPS-MONOMER;Metabolism;;;108
109;atpA;EG10098_RNA;ATPA-MONOMER;Metabolism;;;109
110;atpB;EG10099_RNA;ATPB-MONOMER;Metabolism;;;110
111;atpC;EG10100_RNA;ATPC-MONOMER;Metabolism;;;111
112;atpD;EG10101_RNA;ATPD-MONOMER;Metabolism;;;112
113;atpE;EG10102_RNA;ATPE-MONOMER;Metabolism;;;113
114;atpF;EG10103_RNA;ATPF-MONOMER;Metabolism;;;114
115;atpG;EG10104_RNA;ATPG-MONOMER;Metabolism;;;115
116;atpH;EG10105_RNA;ATPH-MONOMER;Metabolism;;;116
117;avtA;EG10107_RNA;VALINE-PYRUVATE-AMINOTRANSFER-MONOMER;Metabolism;;;118
121;betA;EG10109_RNA;CHD-MONOMER;Metabolism;;;120
122;betB;EG10110_RNA;BADH-MONOMER;Metabolism;;;121
123;betT;EG10112_RNA;BETT-MONOMER;Metabolism;;;123
124;bglF;EG10115_RNA;BGLF-MONOMER;Metabolism;;;126
126;bioA;EG10117_RNA;DAPASYN-MONOMER;Metabolism;;;128
127;bioB;EG10118_RNA;BIOTIN-SYN-MONOMER;Metabolism;;;129
128;bioC;EG10119_RNA;EG10119-MONOMER;Metabolism;;;130
129;bioD;EG10120_RNA;DETHIOBIOTIN-SYN-MONOMER;Metabolism;;;131
130;bioF;EG10121_RNA;7KAPSYN-MONOMER;Metabolism;;;132
131;bioH;EG10122_RNA;EG10122-MONOMER;Metabolism;;;133
132;birA;EG10123_RNA;BIOTINLIG-MONOMER;Metabolism;;;134
133;bisC;EG10124_RNA;EG10124-MONOMER;Metabolism;;;135
135;btuE;EG10129_RNA;BTUE-MONOMER;Metabolism;;;140
136;cadA;EG10131_RNA;LYSDECARBOX-MONOMER;Metabolism;;;142
137;cadB;EG10132_RNA;CADB-MONOMER;Metabolism;;;143
139;carA;EG10134_RNA;CARBPSYN-SMALL;Metabolism;;;145
140;carB;EG10135_RNA;CARBPSYN-LARGE;Metabolism;;;146
141;cdd;EG10137_RNA;CYTIDEAM-MONOMER;Metabolism;;;148
142;cdh;EG10138_RNA;CDPDIGLYPYPHOSPHA-MONOMER;Metabolism;;;149
143;cdsA;EG10139_RNA;CDPDIGLYSYN-MONOMER;Metabolism;;;150
145;cheR;EG10148_RNA;CHER-MONOMER;Metabolism;;;159
160;cpsB;EG10161_RNA;MANNPGUANYLTRANGDP-MONOMER;Metabolism;;;172
161;cpsG;EG10162_RNA;PHOSMANMUT-MONOMER;Metabolism;;;173
162;crp;EG10164_RNA;PD00257;Transcription;Regulation;;175
163;crr;EG10165_RNA;CRR-MONOMER;Metabolism;;;176
166;cyaA;EG10170_RNA;ADENYLATECYC-MONOMER;Metabolism;;;181
168;cydA;EG10173_RNA;CYDA-MONOMER;Metabolism;;;183
169;cydB;EG10174_RNA;CYDB-MONOMER;Metabolism;;;184
172;cynT;EG10176_RNA;CARBODEHYDRAT-MONOMER;Metabolism;;;186
173;cyoA;EG10178_RNA;CYOA-MONOMER;Metabolism;;;188
174;cyoB;EG10179_RNA;CYOB-MONOMER;Metabolism;;;189
175;cyoC;EG10180_RNA;CYOC-MONOMER;Metabolism;;;190
176;cyoD;EG10181_RNA;CYOD-MONOMER;Metabolism;;;191
177;cyoE;EG10182_RNA;HEMEOSYN-MONOMER;Metabolism;;;192
178;cysA;EG10183_RNA;CYSA-MONOMER;Metabolism;;;193
179;cysC;EG10185_RNA;ADENYLYLSULFKIN-MONOMER;Metabolism;;;195
180;cysD;EG10186_RNA;CYSD-MONOMER;Metabolism;;;196
181;cysE;EG10187_RNA;SERINE-O-ACETTRAN-MONOMER;Metabolism;;;197
182;cysG;EG10188_RNA;SIROHEMESYN-MONOMER;Metabolism;;;198
183;cysH;EG10189_RNA;PAPSSULFOTRANS-MONOMER;Metabolism;;;199
184;cysI;EG10190_RNA;BETACOMP-MONOMER;Metabolism;;;200
185;cysJ;EG10191_RNA;ALPHACOMP-MONOMER;Metabolism;;;201
186;cysK;EG10192_RNA;ACSERLYA-MONOMER;Metabolism;;;202
187;cysM;EG10193_RNA;ACSERLYB-MONOMER;Metabolism;;;203
188;cysN;EG10194_RNA;CYSN-MONOMER;Metabolism;;;204
189;cysP;EG10195_RNA;CYSP-MONOMER;Metabolism;;;205
191;cysS;EG10196_RNA;CYSS-MONOMER;Metabolism;;;206
192;cysU;EG10197_RNA;CYST-MONOMER;Metabolism;;;207
193;cysW;EG10198_RNA;CYSW-MONOMER;Metabolism;;;208
194;cytR;EG10200_RNA;PD04028;Transcription;Regulation;;209
197;dapA;EG10205_RNA;DIHYDRODIPICSYN-MONOMER;Metabolism;;;214
198;dapB;EG10206_RNA;DIHYDROPICRED-MONOMER;Metabolism;;;215
199;dapD;EG10207_RNA;MONOMER0-2001;Metabolism;;;216
200;dapE;EG10208_RNA;MONOMER0-1981;Metabolism;;;217
201;dapF;EG10209_RNA;DIAMINOPIMEPIM-MONOMER;Metabolism;;;218
209;ddlA;EG10213_RNA;DALADALALIGA-MONOMER;Metabolism;;;222
210;ddlB;EG10214_RNA;DALADALALIGB-MONOMER;Metabolism;;;223
4;accD;EG10217_RNA;CARBOXYL-TRANSFERASE-BETA-MONOMER;Metabolism;;;226
213;deoA;EG10219_RNA;DEOA-MONOMER;Metabolism;;;228
214;deoB;EG10220_RNA;PPENTOMUT-MONOMER;Metabolism;;;229
215;deoC;EG10221_RNA;DEOXYRIBOSE-P-ALD-MONOMER;Metabolism;;;230
216;deoD;EG10222_RNA;DEOD-MONOMER;Metabolism;;;231
218;dgkA;EG10224_RNA;DIACYLGLYKIN-MONOMER;Metabolism;;;233
220;dgt;EG10225_RNA;DGTPTRIPHYDRO-MONOMER;Metabolism;;;234
226;dld;EG10231_RNA;DLACTDEHYDROGFAD-MONOMER;Metabolism;;;240
228;dmsA;EG10232_RNA;DMSA-MONOMER;Metabolism;;;241
229;dmsB;EG10233_RNA;DMSB-MONOMER;Metabolism;;;242
230;dmsC;EG10234_RNA;DMSC-MONOMER;Metabolism;;;243
231;dnaA;EG10235_RNA;PD03831;Transcription;Regulation;;244
13;acpS;EG10247_RNA;HOLO-ACP-SYNTH-MONOMER;Metabolism;;;256
232;dppA;EG10248_RNA;DPPA-MONOMER;Metabolism;;;257
237;dsdA;EG10249_RNA;DSERDEAM-MONOMER;Metabolism;;;258
240;dut;EG10251_RNA;DUTP-PYROP-MONOMER;Metabolism;;;260
245;eda;EG10256_RNA;KDPGALDOL-4OH2OXOGLUTARALDOL-MONOMER;Metabolism;;;265
246;edd;EG10257_RNA;PGLUCONDEHYDRAT-MONOMER;Metabolism;;;266
250;eno;EG10258_RNA;ENOLASE-MONOMER;Metabolism;;;267
251;entA;EG10259_RNA;ENTA-MONOMER;Metabolism;;;268
252;entC;EG10261_RNA;ENTC-MONOMER;Metabolism;;;270
253;entD;EG10262_RNA;ENTD-MONOMER;Metabolism;;;271
254;entE;EG10263_RNA;ENTE-MONOMER;Metabolism;;;272
542;lpxC;EG10265_RNA;UDPACYLGLCNACDEACETYL-MONOMER;Metabolism;;;274
264;fabA;EG10273_RNA;FABA-MONOMER;Metabolism;;;282
265;fabB;EG10274_RNA;FABB-MONOMER;Metabolism;;;283
3;accC;EG10276_RNA;BIOTIN-CARBOXYL-MONOMER;Metabolism;;;285
269;fabH;EG10277_RNA;FABH-MONOMER;Metabolism;;;286
272;fadA;EG10278_RNA;FADA-MONOMER;Metabolism;;;287
273;fadB;EG10279_RNA;FADB-MONOMER;Metabolism;;;288
279;fadL;EG10280_RNA;EG10280-MONOMER;Metabolism;;;289
282;fbaA;EG10282_RNA;FRUCTBISALD-CLASSII-MONOMER;Metabolism;;;291
284;fbp;EG10283_RNA;F16B-MONOMER;Metabolism;;;292
285;fdhF;EG10285_RNA;FORMATEDEHYDROGH-MONOMER;Metabolism;;;294
294;fes;EG10299_RNA;EG10299-MONOMER;Metabolism;;;308
543;lpxD;EG10316_RNA;UDPHYDROXYMYRGLUCOSAMNACETYLTRANS-MONO;Metabolism;;;325
296;fis;EG10317_RNA;PD00196;Transcription;Regulation;;326
302;fnr;EG10325_RNA;PD00197;Transcription;Regulation;;334
304;folA;EG10326_RNA;DIHYDROFOLATEREDUCT-MONOMER;Metabolism;;;335
306;folC;EG10327_RNA;FOLC-MONOMER;Metabolism;;;336
307;folD;EG10328_RNA;FOLD-MONOMER;Metabolism;;;337
315;frdA;EG10330_RNA;FUM-FLAVO;Metabolism;;;339
316;frdB;EG10331_RNA;FUM-FE-S;Metabolism;;;340
317;frdC;EG10332_RNA;FUM-MEMB1;Metabolism;;;341
318;frdD;EG10333_RNA;FUM-MEMB2;Metabolism;;;342
319;fre;EG10334_RNA;FMNREDUCT-MONOMER;Metabolism;;;343
325;ftsW;EG10344_RNA;EG10344-MONOMER;Metabolism;;;353
326;fucA;EG10348_RNA;FUCPALDOL-MONOMER;Metabolism;;;357
327;fucI;EG10349_RNA;FUCISOM-MONOMER;Metabolism;;;358
328;fucK;EG10350_RNA;FUCULOKIN-MONOMER;Metabolism;;;359
329;fucO;EG10351_RNA;LACTALDREDUCT-MONOMER;Metabolism;;;360
330;fucP;EG10352_RNA;FUCP-MONOMER;Metabolism;;;361
331;fucU;EG10355_RNA;EG10355-MONOMER;Metabolism;;;363
332;fumA;EG10356_RNA;FUMA-MONOMER;Metabolism;;;364
333;fumB;EG10357_RNA;FUMB-MONOMER;Metabolism;;;365
334;fumC;EG10358_RNA;FUMC-MONOMER;Metabolism;;;366
337;gabT;EG10361_RNA;GABATRANSAM-MONOMER;Metabolism;;;369
341;galE;EG10362_RNA;UDPGLUCEPIM-MONOMER;Metabolism;;;370
342;galK;EG10363_RNA;GALACTOKIN-MONOMER;Metabolism;;;371
345;galT;EG10366_RNA;GALACTURIDYLYLTRANS-MONOMER;Metabolism;;;374
346;gapA;EG10367_RNA;GAPDH-A-MONOMER;Metabolism;;;375
255;epd;EG10368_RNA;ERYTH4PDEHYDROG-MONOMER;Metabolism;;;376
483;ispG;EG10370_RNA;EG10370-MONOMER;Metabolism;;;378
355;gdhA;EG10372_RNA;GDHA-MONOMER;Metabolism;;;380
365;glgC;EG10379_RNA;GLUC1PADENYLTRANS-MONOMER;Metabolism;;;387
368;glmS;EG10382_RNA;L-GLN-FRUCT-6-P-AMINOTRANS-MONOMER;Metabolism;;;390
370;glnA;EG10383_RNA;GLUTAMINESYN-MONOMER;Metabolism;;;391
371;glnH;EG10386_RNA;GLNH-MONOMER;Metabolism;;;394
372;glnP;EG10388_RNA;GLNP-MONOMER;Metabolism;;;396
373;glnQ;EG10389_RNA;GLNQ-MONOMER;Metabolism;;;397
374;glnS;EG10390_RNA;GLNS-MONOMER;Metabolism;;;398
377;glpA;EG10391_RNA;ANGLYC3PDEHYDROGSUBUNITA-MONOMER;Metabolism;;;399
378;glpB;EG10392_RNA;ANGLYC3PDEHYDROGSUBUNITB-MONOMER;Metabolism;;;400
379;glpC;EG10393_RNA;ANGLYC3PDEHYDROGSUBUNITC-MONOMER;Metabolism;;;401
380;glpD;EG10394_RNA;AERGLYC3PDEHYDROG-MONOMER;Metabolism;;;402
381;glpE;EG10395_RNA;EG10395-MONOMER;Metabolism;;;403
382;glpF;EG10396_RNA;GLPF-MONOMER;Metabolism;;;404
383;glpK;EG10398_RNA;GLYCEROL-KIN-MONOMER;Metabolism;;;406
384;glpQ;EG10399_RNA;GLYCPDIESTER-PERI-MONOMER;Metabolism;;;407
386;gltA;EG10402_RNA;CITSYN-MONOMER;Metabolism;;;410
387;gltB;EG10403_RNA;GLUSYNLARGE-MONOMER;Metabolism;;;411
388;gltD;EG10404_RNA;GLUSYNSMALL-MONOMER;Metabolism;;;412
393;gltP;EG10405_RNA;GLTP-MONOMER;Metabolism;;;413
394;gltX;EG10407_RNA;GLURS-MONOMER;Metabolism;;;415
397;glyA;EG10408_RNA;GLYOHMETRANS-MONOMER;Metabolism;;;416
398;glyQ;EG10409_RNA;GLYQ-MONOMER;Metabolism;;;417
399;glyS;EG10410_RNA;GLYS-MONOMER;Metabolism;;;418
402;gnd;EG10411_RNA;6PGLUCONDEHYDROG-MONOMER;Metabolism;;;419
405;gor;EG10412_RNA;GLUTATHIONE-REDUCT-NADPH-MONOMER;Metabolism;;;420
408;gpp;EG10413_RNA;PPPGPPHYDRO-MONOMER;Metabolism;;;421
410;gpt;EG10414_RNA;GPT-MONOMER;Metabolism;;;422
411;gshA;EG10418_RNA;GLUTCYSLIG-MONOMER;Metabolism;;;426
412;gshB;EG10419_RNA;GLUTATHIONE-SYN-MONOMER;Metabolism;;;427
419;guaA;EG10420_RNA;GMP-SYN-MONOMER;Metabolism;;;428
420;guaB;EG10421_RNA;IMP-DEHYDROG-MONOMER;Metabolism;;;429
421;guaC;EG10422_RNA;GMP-REDUCT-MONOMER;Metabolism;;;430
425;hdhA;EG10425_RNA;7-ALPHA-HYDROXYSTEROID-DEH-MONOMER;Metabolism;;;433
426;hemA;EG10427_RNA;GLUTRNAREDUCT-MONOMER;Metabolism;;;435
427;hemB;EG10428_RNA;PORPHOBILSYNTH-MONOMER;Metabolism;;;436
428;hemC;EG10429_RNA;OHMETHYLBILANESYN-MONOMER;Metabolism;;;437
429;hemD;EG10430_RNA;UROGENIIISYN-MONOMER;Metabolism;;;438
433;hemL;EG10432_RNA;GSAAMINOTRANS-MONOMER;Metabolism;;;440
463;ihfA;EG10440_RNA;PD00347;Transcription;Regulation;;448
464;ihfB;EG10441_RNA;PD00348;Transcription;Regulation;;449
435;hisA;EG10444_RNA;PRIBFAICARPISOM-MONOMER;Metabolism;;;452
436;hisB;EG10445_RNA;IMIDPHOSPHADEHYDHISTIDPHOSPHA-MONOMER;Metabolism;;;453
437;hisC;EG10446_RNA;HISTPHOSTRANS-MONOMER;Metabolism;;;454
438;hisD;EG10447_RNA;HISTDEHYD-MONOMER;Metabolism;;;455
439;hisF;EG10448_RNA;CYCLASE-MONOMER;Metabolism;;;456
440;hisG;EG10449_RNA;ATPPHOSRIBOSTRANS-MONOMER;Metabolism;;;457
441;hisH;EG10450_RNA;GLUTAMIDOTRANS-MONOMER;Metabolism;;;458
442;hisI;EG10451_RNA;HISTCYCLOPRATPPHOS;Metabolism;;;459
445;hisP;EG10452_RNA;HISP-MONOMER;Metabolism;;;460
447;hisS;EG10453_RNA;HISS-MONOMER;Metabolism;;;461
448;hns;EG10457_RNA;PD00288;Transcription;Regulation;;465
546;lpxL;EG10464_RNA;LAUROYLACYLTRAN-MONOMER;Metabolism;;;472
881;ribB;EG10465_RNA;DIOHBUTANONEPSYN-MONOMER;Metabolism;;;473
450;hycB;EG10475_RNA;HYCBSMALL-MONOMER;Metabolism;;;483
451;hycC;EG10476_RNA;HYCC-MONOMER;Metabolism;;;484
452;hycD;EG10477_RNA;HYCD-MONOMER;Metabolism;;;485
453;hycE;EG10478_RNA;HYCELARGE-MONOMER;Metabolism;;;486
454;hycF;EG10479_RNA;HYCF-MONOMER;Metabolism;;;487
455;hycG;EG10480_RNA;HYCG-MONOMER;Metabolism;;;488
458;icd;EG10489_RNA;ISOCITDEH-SUBUNIT;Metabolism;;;497
71;argP;EG10490_RNA;EG10490-MONOMER;Transcription;Regulation;;498
465;ileS;EG10492_RNA;ILES-MONOMER;Metabolism;;;500
466;ilvA;EG10493_RNA;THREDEHYDSYN-MONOMER;Metabolism;;;501
467;ilvB;EG10494_RNA;LARGEILVB-MONOMER;Metabolism;;;502
468;ilvC;EG10495_RNA;KETOLREDUCTOISOM-MONOMER;Metabolism;;;503
469;ilvD;EG10496_RNA;DIHYDROXYACIDDEHYDRAT-MONOMER;Metabolism;;;504
470;ilvE;EG10497_RNA;BRANCHED-CHAINAMINOTRANSFER-MONOMER;Metabolism;;;505
472;ilvG_2;EG10498_RNA;LARGEILVG-MONOMER;Metabolism;;;506
473;ilvH;EG10499_RNA;ACETOLACTSYNIII-HCHAIN-MONOMER;Metabolism;;;507
474;ilvI;EG10500_RNA;ACETOLACTSYNIII-ICHAIN-MONOMER;Metabolism;;;508
475;ilvM;EG10501_RNA;SMALLILVM-MONOMER;Metabolism;;;509
476;ilvN;EG10502_RNA;SMALLILVN-MONOMER;Metabolism;;;510
478;ispA;EG10508_RNA;FPPSYN-MONOMER;Metabolism;;;516
486;katE;EG10509_RNA;HYDROPEROXIDII-MONOMER;Metabolism;;;517
487;katG;EG10511_RNA;HYDROPEROXIDI-MONOMER;Metabolism;;;519
490;kbl;EG10512_RNA;AKBLIG-MONOMER;Metabolism;;;520
493;kdpA;EG10513_RNA;EG10513-MONOMER;Metabolism;;;521
494;kdpB;EG10514_RNA;KDPB-MONOMER;Metabolism;;;522
495;kdpC;EG10515_RNA;EG10515-MONOMER;Metabolism;;;523
497;kdsA;EG10518_RNA;KDO-8PSYNTH-MONOMER;Metabolism;;;526
498;kdsB;EG10519_RNA;CPM-KDOSYNTH-MONOMER;Metabolism;;;527
1101;waaA;EG10520_RNA;KDOTRANS-MONOMER;Metabolism;;;528
503;kefC;EG10521_RNA;KEFC-MONOMER;Metabolism;;;529
506;lacA;EG10524_RNA;GALACTOACETYLTRAN-MONOMER;Metabolism;;;532
507;lacY;EG10526_RNA;LACY-MONOMER;Metabolism;;;534
508;lacZ;EG10527_RNA;BETAGALACTOSID-MONOMER;Metabolism;;;535
516;leuO;EG10531_RNA;PD00519;Transcription;Regulation;;539
517;leuS;EG10532_RNA;LEUS-MONOMER;Metabolism;;;540
518;lexA;EG10533_RNA;PD00205;Transcription;Regulation;;541
522;livF;EG10536_RNA;LIVF-MONOMER;Metabolism;;;544
523;livG;EG10537_RNA;LIVG-MONOMER;Metabolism;;;545
524;livH;EG10538_RNA;LIVH-MONOMER;Metabolism;;;546
525;livJ;EG10539_RNA;LIVJ-MONOMER;Metabolism;;;547
526;livK;EG10540_RNA;LIVK-MONOMER;Metabolism;;;548
527;livM;EG10541_RNA;LIVM-MONOMER;Metabolism;;;549
531;lpd;EG10543_RNA;E3-MONOMER;Metabolism;;;551
540;lpxA;EG10545_RNA;UDPNACETYLGLUCOSAMACYLTRANS-MONOMER;Metabolism;;;553
541;lpxB;EG10546_RNA;LIPIDADISACCHARIDESYNTH-MONOMER;Metabolism;;;554
551;lrp;EG10547_RNA;PD00353;Transcription;Regulation;;555
561;lysA;EG10549_RNA;DIAMINOPIMDECARB-MONOMER;Metabolism;;;557
562;lysC;EG10550_RNA;ASPKINIII-MONOMER;Metabolism;;;558
564;lysS;EG10552_RNA;LYSS-MONOMER;Metabolism;;;560
565;lysU;EG10553_RNA;LYSU-MONOMER;Metabolism;;;561
571;malP;EG10560_RNA;MALDEXPHOSPHORYL-MONOMER;Metabolism;;;568
572;malQ;EG10561_RNA;AMYLOMALT-MONOMER;Metabolism;;;569
573;malY;EG10564_RNA;EG10564-MONOMER;Metabolism;;;572
574;malZ;EG10565_RNA;MALTODEXGLUCOSID-MONOMER;Metabolism;;;573
575;manA;EG10566_RNA;MANNPISOM-MONOMER;Metabolism;;;574
576;manX;EG10567_RNA;MANX-MONOMER;Metabolism;;;575
577;manY;EG10568_RNA;MANY-MONOMER;Metabolism;;;576
578;manZ;EG10569_RNA;MANZ-MONOMER;Metabolism;;;577
579;mazG;EG10572_RNA;EG10572-MONOMER;Metabolism;;;580
582;mdh;EG10576_RNA;MALATE-DEHASE-MONOMER;Metabolism;;;584
590;menD;EG10579_RNA;MEND-MONOMER;Metabolism;;;587
595;metA;EG10581_RNA;HOMSUCTRAN-MONOMER;Metabolism;;;589
596;metB;EG10582_RNA;O-SUCCHOMOSERLYASE-MONOMER;Metabolism;;;590
597;metC;EG10583_RNA;CYSTATHIONINE-BETA-LYASE-MONOMER;Metabolism;;;591
598;metE;EG10584_RNA;HOMOCYSMET-MONOMER;Metabolism;;;592
599;metF;EG10585_RNA;METHYLENETHFREDUCT-MONOMER;Metabolism;;;593
600;metG;EG10586_RNA;METG-MONOMER;Metabolism;;;594
601;metH;EG10587_RNA;HOMOCYSMETB12-MONOMER;Metabolism;;;595
603;metJ;EG10588_RNA;PD04032;Transcription;Regulation;;596
604;metK;EG10589_RNA;S-ADENMETSYN-MONOMER;Metabolism;;;597
605;metL;EG10590_RNA;ASPKINIIHOMOSERDEHYDROGII-MONOMER;Metabolism;;;598
613;miaA;EG10595_RNA;EG10595-MONOMER;Metabolism;;;603
627;mraY;EG10604_RNA;PHOSNACMURPENTATRANS-MONOMER;Metabolism;;;612
628;msbA;EG10613_RNA;EG10613-MONOMER;Metabolism;;;621
547;lpxM;EG10614_RNA;MYRISTOYLACYLTRAN-MONOMER;Metabolism;;;622
632;mtlD;EG10616_RNA;MANNPDEHYDROG-MONOMER;Metabolism;;;624
634;mtr;EG10617_RNA;MTR-MONOMER;Metabolism;;;625
637;murC;EG10619_RNA;UDP-NACMUR-ALA-LIG-MONOMER;Metabolism;;;627
638;murD;EG10620_RNA;UDP-NACMURALA-GLU-LIG-MONOMER;Metabolism;;;628
639;murE;EG10621_RNA;UDP-NACMURALGLDAPLIG-MONOMER;Metabolism;;;629
640;murF;EG10622_RNA;UDP-NACMURALGLDAPAALIG-MONOMER;Metabolism;;;630
641;murG;EG10623_RNA;NACGLCTRANS-MONOMER;Metabolism;;;631
313;fpr;EG10628_RNA;FLAVONADPREDUCT-MONOMER;Metabolism;;;636
248;emrE;EG10629_RNA;EMRE-MONOMER;Metabolism;;;637
645;nadA;EG10630_RNA;QUINOLINATE-SYNTHA-MONOMER;Metabolism;;;638
646;nadB;EG10631_RNA;L-ASPARTATE-OXID-MONOMER;Metabolism;;;639
652;nagA;EG10632_RNA;NAG6PDEACET-MONOMER;Metabolism;;;640
653;nagD;EG10634_RNA;EG10634-MONOMER;Metabolism;;;642
655;nanA;EG10637_RNA;ACNEULY-MONOMER;Metabolism;;;645
661;narK;EG10642_RNA;NARK-MONOMER;Metabolism;;;650
662;narL;EG10643_RNA;NARL-MONOMER;Transcription;Regulation;;651
663;ndh;EG10649_RNA;NADH-DHII-MONOMER;Metabolism;;;657
664;ndk;EG10650_RNA;NUCLEOSIDE-DIP-KIN-MONOMER;Metabolism;;;658
666;nhaA;EG10652_RNA;NHAA-MONOMER;Metabolism;;;660
674;nirB;EG10653_RNA;NIRB-MONOMER;Metabolism;;;661
675;nirC;EG10654_RNA;NIRC-MONOMER;Metabolism;;;662
676;nirD;EG10655_RNA;NIRD-MONOMER;Metabolism;;;663
677;nrdA;EG10660_RNA;NRDA-MONOMER;Metabolism;;;668
678;nrdB;EG10661_RNA;NRDB-MONOMER;Metabolism;;;669
649;nadE;EG10663_RNA;NAD-SYNTH-MONOMER;Metabolism;;;671
703;nupG;EG10664_RNA;NUPG-MONOMER;Metabolism;;;672
704;ompC;EG10670_RNA;EG10670-MONOMER;Metabolism;;;678
705;ompF;EG10671_RNA;EG10671-MONOMER;Metabolism;;;679
706;oppA;EG10674_RNA;OPPA-MONOMER;Metabolism;;;682
707;oppB;EG10675_RNA;OPPB-MONOMER;Metabolism;;;683
708;oppC;EG10676_RNA;OPPC-MONOMER;Metabolism;;;684
709;oppD;EG10677_RNA;OPPD-MONOMER;Metabolism;;;685
710;oppF;EG10678_RNA;OPPF-MONOMER;Metabolism;;;686
726;pabA;EG10682_RNA;PABASYN-COMPII-MONOMER;Metabolism;;;690
727;pabB;EG10683_RNA;PABASYN-COMPI-MONOMER;Metabolism;;;691
734;pck;EG10688_RNA;PEPCARBOXYKIN-MONOMER;Metabolism;;;696
735;pdxA;EG10691_RNA;PDXA-MONOMER;Metabolism;;;699
737;pdxJ;EG10693_RNA;PDXJ-MONOMER;Metabolism;;;700
740;pepA;EG10694_RNA;EG10694-MONOMER;Metabolism;;;701
742;pepD;EG10695_RNA;EG10695-MONOMER;Metabolism;;;702
743;pepN;EG10696_RNA;EG10696-MONOMER;Metabolism;;;703
744;pfkA;EG10699_RNA;6PFK-1-MONOMER;Metabolism;;;706
745;pfkB;EG10700_RNA;6PFK-2-MONOMER;Metabolism;;;707
747;pgi;EG10702_RNA;PGLUCISOM;Metabolism;;;709
748;pgk;EG10703_RNA;PGK;Metabolism;;;710
751;pgpA;EG10704_RNA;PGPPHOSPHAA-MONOMER;Metabolism;;;711
752;pgpB;EG10705_RNA;PGPPHOSPHAB-MONOMER;Metabolism;;;712
754;pgsA;EG10706_RNA;PHOSPHAGLYPSYN-MONOMER;Metabolism;;;713
755;pheA;EG10707_RNA;CHORISMUTPREPHENDEHYDRAT-MONOMER;Metabolism;;;714
756;pheP;EG10708_RNA;PHEP-MONOMER;Metabolism;;;715
757;pheS;EG10709_RNA;PHES-MONOMER;Metabolism;;;716
758;pheT;EG10710_RNA;PHET-MONOMER;Metabolism;;;717
759;phnC;EG10713_RNA;PHNC-MONOMER;Metabolism;;;720
760;phnD;EG10714_RNA;PHND-MONOMER;Metabolism;;;721
762;phnN;EG10723_RNA;EG10723-MONOMER;Metabolism;;;730
763;phnO;EG10724_RNA;EG10724-MONOMER;Metabolism;;;731
764;phoA;EG10727_RNA;ALKAPHOSPHA-MONOMER;Metabolism;;;733
765;phoE;EG10729_RNA;MONOMER0-282;Metabolism;;;735
818;pstS;EG10734_RNA;PSTS-MONOMER;Metabolism;;;740
769;pldB;EG10739_RNA;EG10739-MONOMER;Metabolism;;;745
770;plsB;EG10740_RNA;GLYCEROL-3-P-ACYLTRANSFER-MONOMER;Metabolism;;;746
773;pncB;EG10742_RNA;NICOTINATEPRIBOSYLTRANS-MONOMER;Metabolism;;;748
775;pnp;EG10743_RNA;EG10743-MONOMER;Metabolism,;RNA;Decay;749
776;pntA;EG10744_RNA;PNTA-MONOMER;Metabolism;;;750
777;pntB;EG10745_RNA;PNTB-MONOMER;Metabolism;;;751
778;polA;EG10746_RNA;EG10746-MONOMER;RNA;Decay;;752
779;potA;EG10749_RNA;POTA-MONOMER;Metabolism;;;755
780;potB;EG10750_RNA;POTB-MONOMER;Metabolism;;;756
781;potC;EG10751_RNA;POTC-MONOMER;Metabolism;;;757
782;potD;EG10752_RNA;POTD-MONOMER;Metabolism;;;758
783;potE;EG10753_RNA;POTE-MONOMER;Metabolism;;;759
788;poxB;EG10754_RNA;PYRUVOXID-MONOMER;Metabolism;;;760
789;ppa;EG10755_RNA;INORGPYROPHOSPHAT-MONOMER;Metabolism;;;761
790;ppc;EG10756_RNA;PEPCARBOX-MONOMER;Metabolism;;;762
793;ppiA;EG10757_RNA;EG10757-MONOMER;Metabolism;;;763
794;ppiB;EG10758_RNA;EG10758-MONOMER;Metabolism;;;764
797;ppsA;EG10759_RNA;PEPSYNTH-MONOMER;Metabolism;;;765
801;proA;EG10767_RNA;GLUTSEMIALDEHYDROG-MONOMER;Metabolism;;;773
802;proB;EG10768_RNA;GLUTKIN-MONOMER;Metabolism;;;774
803;proC;EG10769_RNA;PYRROLINECARBREDUCT-MONOMER;Metabolism;;;775
805;proS;EG10770_RNA;PROS-MONOMER;Metabolism;;;776
806;proV;EG10771_RNA;PROV-MONOMER;Metabolism;;;777
807;proW;EG10772_RNA;PROW-MONOMER;Metabolism;;;778
808;proX;EG10773_RNA;PROX-MONOMER;Metabolism;;;779
813;prs;EG10774_RNA;PRPPSYN-MONOMER;Metabolism;;;780
814;pssA;EG10781_RNA;PHOSPHASERSYN-MONOMER;Metabolism;;;787
815;pstA;EG10782_RNA;PSTA-MONOMER;Metabolism;;;788
816;pstB;EG10783_RNA;PSTB-MONOMER;Metabolism;;;789
817;pstC;EG10784_RNA;PSTC-MONOMER;Metabolism;;;790
821;ptsG;EG10787_RNA;PTSG-MONOMER;Metabolism;;;793
822;purA;EG10790_RNA;ADENYLOSUCCINATE-SYN-MONOMER;Metabolism;;;796
824;purC;EG10791_RNA;SAICARSYN-MONOMER;Metabolism;;;797
825;purD;EG10792_RNA;GLYCRIBONUCSYN-MONOMER;Metabolism;;;798
826;purE;EG10793_RNA;PURE-MONOMER;Metabolism;;;799
827;purF;EG10794_RNA;PRPPAMIDOTRANS-MONOMER;Metabolism;;;800
828;purH;EG10795_RNA;AICARTRANSIMPCYCLO-CPLX;Metabolism;;;801
829;purK;EG10796_RNA;PURK-MONOMER;Metabolism;;;802
830;purL;EG10797_RNA;FGAMSYN-MONOMER;Metabolism;;;803
831;purM;EG10798_RNA;AIRS-MONOMER;Metabolism;;;804
832;purN;EG10799_RNA;GART-MONOMER;Metabolism;;;805
835;putA;EG10801_RNA;PUTA-MONOMER;Metabolism,;Transcription;Regulation;807
836;putP;EG10802_RNA;PUTP-MONOMER;Metabolism;;;808
843;pykA;EG10803_RNA;PKII-MONOMER;Metabolism;;;809
844;pykF;EG10804_RNA;PKI-MONOMER;Metabolism;;;810
845;pyrB;EG10805_RNA;ASPCARBCAT-MONOMER;Metabolism;;;811
846;pyrC;EG10806_RNA;DIHYDROOROT-MONOMER;Metabolism;;;812
847;pyrD;EG10807_RNA;DIHYDROOROTOX-MONOMER;Metabolism;;;813
848;pyrE;EG10808_RNA;OROPRIBTRANS-MONOMER;Metabolism;;;814
849;pyrF;EG10809_RNA;OROTPDECARB-MONOMER;Metabolism;;;815
850;pyrG;EG10810_RNA;CTPSYN-MONOMER;Metabolism;;;816
852;pyrI;EG10811_RNA;ASPCARBREG-MONOMER;Metabolism;;;817
855;rbsD;EG10817_RNA;EG10817-MONOMER;Metabolism;;;823
856;rbsK;EG10818_RNA;RIBOKIN-MONOMER;Metabolism;;;824
858;rcsB;EG10821_RNA;RCSB-MONOMER;Transcription;Regulation;;827
861;relA;EG10835_RNA;RELA-MONOMER;Metabolism;;;841
862;rfaD;EG10838_RNA;EG10838-MONOMER;Metabolism;;;844
877;rhlB;EG10844_RNA;EG10844-MONOMER;Metabolism;;;850
537;lptE;EG10855_RNA;EG10855-MONOMER;Metabolism;;;861
889;rna;EG10856_RNA;EG10856-MONOMER;RNA;Decay;;862
891;rnc;EG10857_RNA;EG10857-MONOMER;RNA;Decay;;863
892;rnd;EG10858_RNA;EG10858-MONOMER;RNA;Decay;;864
893;rne;EG10859_RNA;EG10859-MONOMER;Metabolism,;RNA;Decay;865
895;rnhA;EG10860_RNA;EG10860-MONOMER;RNA;Decay;;866
896;rnhB;EG10861_RNA;EG10861-MONOMER;RNA;Decay;;867
898;rnpA;EG10862_RNA;EG10862-MONOMER;RNA;Decay;;868
902;rph;EG10863_RNA;EG10863-MONOMER;RNA;Decay;;869
905;rplA;EG10864_RNA;EG10864-MONOMER;Translation;;;870
906;rplB;EG10865_RNA;EG10865-MONOMER;Translation;;;871
907;rplC;EG10866_RNA;EG10866-MONOMER;Translation;;;872
908;rplD;EG10867_RNA;EG10867-MONOMER;Translation;;;873
909;rplE;EG10868_RNA;EG10868-MONOMER;Translation;;;874
910;rplF;EG10869_RNA;EG10869-MONOMER;Translation;;;875
911;rplI;EG10870_RNA;EG10870-MONOMER;Translation;;;876
912;rplJ;EG10871_RNA;EG10871-MONOMER;Translation;;;877
913;rplK;EG10872_RNA;EG10872-MONOMER;Translation;;;878
914;rplL;EG10873_RNA;EG10873-MONOMER;Translation;;;879
915;rplM;EG10874_RNA;EG10874-MONOMER;Translation;;;880
916;rplN;EG10875_RNA;EG10875-MONOMER;Translation;;;881
917;rplO;EG10876_RNA;EG10876-MONOMER;Translation;;;882
918;rplP;EG10877_RNA;EG10877-MONOMER;Translation;;;883
919;rplQ;EG10878_RNA;EG10878-MONOMER;Translation;;;884
920;rplR;EG10879_RNA;EG10879-MONOMER;Translation;;;885
921;rplS;EG10880_RNA;EG10880-MONOMER;Translation;;;886
922;rplT;EG10881_RNA;EG10881-MONOMER;Translation;;;887
924;rplV;EG10882_RNA;EG10882-MONOMER;Translation;;;888
925;rplW;EG10883_RNA;EG10883-MONOMER;Translation;;;889
926;rplX;EG10884_RNA;EG10884-MONOMER;Translation;;;890
927;rplY;EG10885_RNA;EG10885-MONOMER;Translation;;;891
929;rpmB;EG10886_RNA;EG10886-MONOMER;Translation;;;892
930;rpmC;EG10887_RNA;EG10887-MONOMER;Translation;;;893
931;rpmD;EG10888_RNA;EG10888-MONOMER;Translation;;;894
932;rpmE;EG10889_RNA;EG10889-MONOMER;Translation;;;895
933;rpmF;EG10890_RNA;EG10890-MONOMER;Translation;;;896
934;rpmG;EG10891_RNA;EG10891-MONOMER;Translation;;;897
935;rpmH;EG10892_RNA;EG10892-MONOMER;Translation;;;898
938;rpoA;EG10893_RNA;EG10893-MONOMER;Transcription;;;899
939;rpoB;EG10894_RNA;RPOB-MONOMER;Transcription;;;900
940;rpoC;EG10895_RNA;RPOC-MONOMER;Transcription;;;901
941;rpsA;EG10900_RNA;EG10900-MONOMER;Translation;;;906
942;rpsB;EG10901_RNA;EG10901-MONOMER;Translation;;;907
943;rpsC;EG10902_RNA;EG10902-MONOMER;Translation;;;908
944;rpsD;EG10903_RNA;EG10903-MONOMER;Translation;;;909
945;rpsE;EG10904_RNA;EG10904-MONOMER;Translation;;;910
946;rpsF;EG10905_RNA;EG10905-MONOMER;Translation;;;911
947;rpsG;EG10906_RNA;EG10906-MONOMER;Translation;;;912
948;rpsH;EG10907_RNA;EG10907-MONOMER;Translation;;;913
949;rpsI;EG10908_RNA;EG10908-MONOMER;Translation;;;914
950;rpsJ;EG10909_RNA;EG10909-MONOMER;Translation;;;915
951;rpsK;EG10910_RNA;EG10910-MONOMER;Translation;;;916
952;rpsL;EG10911_RNA;EG10911-MONOMER;Translation;;;917
953;rpsM;EG10912_RNA;EG10912-MONOMER;Translation;;;918
954;rpsN;EG10913_RNA;EG10913-MONOMER;Translation;;;919
955;rpsO;EG10914_RNA;EG10914-MONOMER;Translation;;;920
956;rpsP;EG10915_RNA;EG10915-MONOMER;Translation;;;921
957;rpsQ;EG10916_RNA;EG10916-MONOMER;Translation;;;922
958;rpsR;EG10917_RNA;EG10917-MONOMER;Translation;;;923
959;rpsS;EG10918_RNA;EG10918-MONOMER;Translation;;;924
960;rpsT;EG10919_RNA;EG10919-MONOMER;Translation;;;925
961;rpsU;EG10920_RNA;EG10920-MONOMER;Translation;;;926
152;coaA;EG10922_RNA;PANTOTHENATE-KIN-MONOMER;Metabolism;;;928
966;sbmA;EG10928_RNA;SBMA-MONOMER;Metabolism;;;932
967;sbp;EG10929_RNA;SBP-MONOMER;Metabolism;;;933
971;sdaA;EG10930_RNA;LSERINEDEAM1-MONOMER;Metabolism;;;934
974;sdhA;EG10931_RNA;SDH-FLAVO;Metabolism;;;935
975;sdhB;EG10932_RNA;SDH-FE-S;Metabolism;;;936
976;sdhC;EG10933_RNA;SDH-MEMB1;Metabolism;;;937
977;sdhD;EG10934_RNA;SDH-MEMB2;Metabolism;;;938
978;serA;EG10944_RNA;PGLYCDEHYDROG-MONOMER;Metabolism;;;948
979;serB;EG10945_RNA;PSERPHOSPHA-MONOMER;Metabolism;;;949
980;serC;EG10946_RNA;PSERTRANSAM-MONOMER;Metabolism;;;950
981;serS;EG10947_RNA;SERS-MONOMER;Metabolism;;;951
568;maeA;EG10948_RNA;MALIC-NAD-MONOMER;Metabolism;;;952
989;speB;EG10960_RNA;AGMATIN-MONOMER;Metabolism;;;964
990;speC;EG10961_RNA;ORNDECARBOX-BIO-MONOMER;Metabolism;;;965
991;speE;EG10963_RNA;SPERMIDINESYN-MONOMER;Metabolism;;;967
992;speF;EG10964_RNA;ORNDECARBOXDEG-MONOMER;Metabolism;;;968
401;gmk;EG10965_RNA;GUANYL-KIN-MONOMER;Metabolism;;;969
994;spoT;EG10966_RNA;SPOT-MONOMER;Metabolism;;;970
997;srlD;EG10971_RNA;SORB6PDEHYDROG-MONOMER;Metabolism;;;975
423;gutQ;EG10973_RNA;EG10973-MONOMER;Metabolism;;;977
1005;sucA;EG10979_RNA;E1O-MONOMER;Metabolism;;;983
1006;sucB;EG10980_RNA;E2O-MONOMER;Metabolism;;;984
1007;sucC;EG10981_RNA;SUCCCOASYN-BETA;Metabolism;;;985
1008;sucD;EG10982_RNA;SUCCCOASYN-ALPHA;Metabolism;;;986
1010;surA;EG10985_RNA;EG10985-MONOMER;Metabolism;;;989
1016;tdcB;EG10990_RNA;THREDEHYDCAT-MONOMER;Metabolism;;;994
1017;tdcC;EG10991_RNA;TDCC-MONOMER;Metabolism;;;995
1020;tdh;EG10993_RNA;THREODEHYD-MONOMER;Metabolism;;;997
1021;tdk;EG10994_RNA;TDK-MONOMER;Metabolism;;;998
1031;thrA;EG10998_RNA;ASPKINIHOMOSERDEHYDROGI-MONOMER;Metabolism;;;1002
1032;thrB;EG10999_RNA;HOMOSERKIN-MONOMER;Metabolism;;;1003
1033;thrC;EG11000_RNA;THRESYN-MONOMER;Metabolism;;;1004
1034;thrS;EG11001_RNA;THRS-MONOMER;Metabolism;;;1005
1035;thyA;EG11002_RNA;THYMIDYLATESYN-MONOMER;Metabolism;;;1006
1036;tig;EG11003_RNA;EG11003-MONOMER;Metabolism;;;1007
1041;tnaA;EG11005_RNA;TRYPTOPHAN-MONOMER;Metabolism;;;1009
1042;tnaB;EG11006_RNA;TNAB-MONOMER;Metabolism;;;1010
1043;tolB;EG11008_RNA;EG11008-MONOMER;Metabolism;;;1012
1044;tolC;EG11009_RNA;EG11009-MONOMER;Metabolism;;;1013
1045;tpiA;EG11015_RNA;TPI-MONOMER;Metabolism;;;1019
1050;trkG;EG11020_RNA;TRKG-MONOMER;Metabolism;;;1024
1051;trkH;EG11021_RNA;TRKH-MONOMER;Metabolism;;;1025
1052;trmD;EG11023_RNA;EG11023-MONOMER;Metabolism;;;1027
1053;trpA;EG11024_RNA;TRYPSYN-APROTEIN;Metabolism;;;1028
1054;trpB;EG11025_RNA;TRYPSYN-BPROTEIN;Metabolism;;;1029
1055;trpC;EG11026_RNA;PRAI-IGPS;Metabolism;;;1030
1056;trpD;EG11027_RNA;ANTHRANSYNCOMPII-MONOMER;Metabolism;;;1031
1057;trpE;EG11028_RNA;ANTHRANSYNCOMPI-MONOMER;Metabolism;;;1032
1058;trpR;EG11029_RNA;PD00423;Transcription;Regulation;;1033
1059;trpS;EG11030_RNA;TRPS-MONOMER;Metabolism;;;1034
1063;trxB;EG11032_RNA;THIOREDOXIN-REDUCT-NADPH-MONOMER;Metabolism;;;1036
1064;tsx;EG11035_RNA;EG11035-MONOMER;Metabolism;;;1039
1067;tyrA;EG11039_RNA;CHORISMUTPREPHENDEHYDROG-MONOMER;Metabolism;;;1043
1068;tyrB;EG11040_RNA;TYRB-MONOMER;Metabolism;;;1044
1069;tyrP;EG11041_RNA;TYRP-MONOMER;Metabolism;;;1045
1070;tyrR;EG11042_RNA;PD00413;Transcription;Regulation;;1046
1071;tyrS;EG11043_RNA;TYRS-MONOMER;Metabolism;;;1047
1081;udp;EG11045_RNA;URPHOS-MONOMER;Metabolism;;;1049
1083;ugpA;EG11046_RNA;UGPA-MONOMER;Metabolism;;;1050
1084;ugpB;EG11047_RNA;UGPB-MONOMER;Metabolism;;;1051
1085;ugpC;EG11048_RNA;UGPC-MONOMER;Metabolism;;;1052
1086;ugpE;EG11049_RNA;UGPE-MONOMER;Metabolism;;;1053
1087;ugpQ;EG11050_RNA;GLYCPDIESTER-CYTO-MONOMER;Metabolism;;;1054
1093;ushA;EG11060_RNA;USHA-MONOMER;Metabolism;;;1064
1095;uxaB;EG11065_RNA;ALTRO-OXIDOREDUCT-MONOMER;Metabolism;;;1069
1097;uxuA;EG11066_RNA;MANNONDEHYDRAT-MONOMER;Metabolism;;;1070
1099;valS;EG11067_RNA;VALS-MONOMER;Metabolism;;;1071
1126;xylA;EG11074_RNA;XYLISOM-MONOMER;Metabolism;;;1078
1127;xylB;EG11075_RNA;XYLULOKIN-MONOMER;Metabolism;;;1079
1128;xylE;EG11076_RNA;XYLE-MONOMER;Metabolism;;;1080
885;ribF;EG11079_RNA;RIBF-MONOMER;Metabolism;;;1082
299;fkpB;EG11080_RNA;EG11080-MONOMER;Metabolism;;;1083
484;ispH;EG11081_RNA;EG11081-MONOMER;Metabolism;;;1084
888;rihC;EG11082_RNA;EG11082-MONOMER;Metabolism;;;1085
633;mtn;EG11090_RNA;EG11090-MONOMER;Metabolism;;;1093
12;acpH;EG11095_RNA;EG11095-MONOMER;Metabolism;;;1098
417;gsk;EG11102_RNA;GSK-MONOMER;Metabolism;;;1105
1;aat;EG11112_RNA;EG11112-MONOMER;Metabolism;;;1113
1148;yciA;EG11121_RNA;EG11121-MONOMER;Metabolism;;;1120
772;pncA;EG11135_RNA;NICOTINAMID-MONOMER;Metabolism;;;1134
683;nudB;EG11138_RNA;H2NEOPTERINP3PYROPHOSPHOHYDRO-MONOMER;Metabolism;;;1137
1078;ubiG;EG11143_RNA;DHHB-METHYLTRANSFER-MONOMER;Metabolism;;;1142
281;fau;EG11158_RNA;EG11158-MONOMER;Metabolism;;;1156
1217;zupT;EG11167_RNA;EG11167-MONOMER;Metabolism;;;1165
1065;ttdA;EG11168_RNA;TTDA-MONOMER;Metabolism;;;1166
1066;ttdB;EG11169_RNA;TTDB-MONOMER;Metabolism;;;1167
1018;tdcD;EG11172_RNA;PROPKIN-MONOMER;Metabolism;;;1169
347;garK;EG11175_RNA;GKI-MONOMER;Metabolism;;;1172
349;garR;EG11176_RNA;TSA-REDUCT-MONOMER;Metabolism;;;1173
1060;truB;EG11177_RNA;EG11177-MONOMER;Metabolism;;;1174
1103;waaC;EG11189_RNA;EG11189-MONOMER;Metabolism;;;1185
153;coaD;EG11190_RNA;PANTEPADENYLYLTRAN-MONOMER;Metabolism;;;1186
1119;xanP;EG11194_RNA;YICE-MONOMER;Metabolism;;;1190
1189;yidA;EG11195_RNA;EG11195-MONOMER;Metabolism;;;1191
369;glmU;EG11198_RNA;NAG1P-URIDYLTRANS-MONOMER;Metabolism;;;1194
1191;yigB;EG11202_RNA;EG11202-MONOMER;Metabolism;;;1197
642;murI;EG11204_RNA;GLUTRACE-MONOMER;Metabolism;;;1199
636;murB;EG11205_RNA;UDPNACETYLMURAMATEDEHYDROG-MONOMER;Metabolism;;;1200
1218;zwf;EG11221_RNA;GLU6PDEHYDROG-MONOMER;Metabolism;;;1214
69;argH;EG11223_RNA;ARGSUCCINLYA-MONOMER;Metabolism;;;1216
205;dcuA;EG11225_RNA;DCUA-MONOMER;Metabolism;;;1218
511;leuA;EG11226_RNA;2-ISOPROPYLMALATESYN-MONOMER;Metabolism;;;1219
286;fdnG;EG11227_RNA;FDNG-MONOMER;Metabolism;;;1220
287;fdnH;EG11228_RNA;FDNH-MONOMER;Metabolism;;;1221
288;fdnI;EG11229_RNA;FDNI-MONOMER;Metabolism;;;1222
936;rpmI;EG11231_RNA;EG11231-MONOMER;Translation;;;1224
937;rpmJ;EG11232_RNA;EG11232-MONOMER;Translation;;;1225
1155;ydiB;EG11234_RNA;EG11234-MONOMER;Metabolism;;;1227
1141;ybhA;EG11239_RNA;EG11239-MONOMER;Metabolism;;;1232
1179;yggF;EG11245_RNA;EG11245-MONOMER;Metabolism;;;1236
303;focA;EG11258_RNA;FOCA-MONOMER;Metabolism;;;1248
899;rnr;EG11259_RNA;EG11259-MONOMER;RNA;Decay;;1249
151;cmk;EG11265_RNA;CMPKI-MONOMER;Metabolism;;;1254
301;fmt;EG11268_RNA;EG11268-MONOMER;Metabolism;;;1257
761;phnE_1;EG11283_RNA;PHNE-MONOMER;Metabolism;;;1270
271;fabZ;EG11284_RNA;FABZ-MONOMER;Metabolism;;;1271
66;argE;EG11286_RNA;ACETYLORNDEACET-MONOMER;Metabolism;;;1273
570;mak;EG11288_RNA;EG11288-MONOMER;Metabolism;;;1275
798;preA;EG11289_RNA;EG11289-MONOMER;Metabolism;;;1276
1180;yghA;EG11292_RNA;EG11292-MONOMER;Metabolism;;;1279
481;ispE;EG11294_RNA;EG11294-MONOMER;Metabolism;;;1281
1184;yhdE;EG11298_RNA;EG11298-MONOMER;Metabolism;;;1285
894;rng;EG11299_RNA;EG11299-MONOMER;RNA;Decay;;1286
520;lipA;EG11306_RNA;EG11306-MONOMER;Metabolism;;;1293
876;rhaT;EG11313_RNA;RHAT-MONOMER;Metabolism;;;1298
823;purB;EG11314_RNA;ASL-MONOMER;Metabolism;;;1299
1185;yhdH;EG11315_RNA;EG11315-MONOMER;Metabolism;;;1300
266;fabD;EG11317_RNA;MALONYL-COA-ACP-TRANSACYL-MONOMER;Metabolism;;;1302
268;fabG;EG11318_RNA;3-OXOACYL-ACP-REDUCT-MONOMER;Metabolism;;;1303
883;ribD;EG11321_RNA;RIBOFLAVINSYNDEAM-MONOMER;Metabolism;;;1306
884;ribE;EG11322_RNA;LUMAZINESYN-MONOMER;Metabolism;;;1307
1079;ubiH;EG11324_RNA;OCTAPRENYL-METHOXYPHENOL-OH-MONOMER;Metabolism;;;1309
10;acnA;EG11325_RNA;ACONITASE-MONOMER;Metabolism;;;1310
155;codA;EG11326_RNA;CYTDEAM-MONOMER;Metabolism;;;1311
335;gabD;EG11329_RNA;SUCCSEMIALDDEHYDROG-MONOMER;Metabolism;;;1314
336;gabP;EG11330_RNA;GABP-MONOMER;Metabolism;;;1315
880;ribA;EG11331_RNA;GTP-CYCLOHYDRO-II-MONOMER;Metabolism;;;1316
1091;upp;EG11332_RNA;URACIL-PRIBOSYLTRANS-MONOMER;Metabolism;;;1317
1100;visC;EG11333_RNA;EG11333-MONOMER;Metabolism;;;1318
651;nadR;EG11335_RNA;PD04413;Metabolism;;;1320
563;lysP;EG11337_RNA;LYSP-MONOMER;Metabolism;;;1322
1105;waaG;EG11339_RNA;EG11339-MONOMER;Metabolism;;;1324
1108;waaP;EG11340_RNA;EG11340-MONOMER;Metabolism;;;1325
1109;waaQ;EG11341_RNA;EG11341-MONOMER;Metabolism;;;1326
1102;waaB;EG11351_RNA;EG11351-MONOMER;Metabolism;;;1334
1106;waaI;EG11352_RNA;EG11352-MONOMER;Metabolism;;;1335
1107;waaJ;EG11353_RNA;EG11353-MONOMER;Metabolism;;;1336
635;murA;EG11358_RNA;UDPNACETYLGLUCOSAMENOLPYRTRANS-MONOMER;Metabolism;;;1341
588;menB;EG11368_RNA;NAPHTHOATE-SYN-MONOMER;Metabolism;;;1350
1074;ubiC;EG11369_RNA;CHORPYRLY-MONOMER;Metabolism;;;1351
1073;ubiA;EG11370_RNA;4OHBENZOATE-OCTAPRENYLTRANSFER-MONOMER;Metabolism;;;1352
753;pgpC;EG11371_RNA;EG11371-MONOMER;Metabolism;;;1353
1012;tadA;EG11372_RNA;EG11372-MONOMER;Metabolism;;;1354
618;mltF;EG11373_RNA;EG11373-MONOMER;Metabolism;;;1355
309;folK;EG11374_RNA;H2PTERIDINEPYROPHOSPHOKIN-MONOMER;Metabolism;;;1356
308;folE;EG11375_RNA;GTP-CYCLOHYDRO-I-MONOMER;Metabolism;;;1357
771;plsC;EG11377_RNA;1-ACYLGLYCEROL-3-P-ACYLTRANSFER-MONOMER;Metabolism;;;1359
49;appB;EG11379_RNA;APPB-MONOMER;Metabolism;;;1361
50;appC;EG11380_RNA;APPC-MONOMER;Metabolism;;;1362
667;nhaB;EG11392_RNA;NHAB-MONOMER;Metabolism;;;1373
1075;ubiD;EG11396_RNA;EG11396-MONOMER;Metabolism;;;1377
1048;treC;EG11402_RNA;TRE6PHYDRO-MONOMER;Metabolism;;;1382
171;cydD;EG11405_RNA;CYDD-MONOMER;Metabolism;;;1385
882;ribC;EG11406_RNA;RIBOFLAVIN-SYN-MONOMER;Metabolism;;;1386
195;dadA;EG11407_RNA;DALADEHYDROGA-MONOMER;Metabolism;;;1387
196;dadX;EG11408_RNA;ALARACECAT-MONOMER;Metabolism;;;1388
545;lpxK;EG11409_RNA;TETRAACYLDISACC4KIN-MONOMER;Metabolism;;;1389
679;nrdD;EG11417_RNA;RIBONUCLEOSIDE-TRIP-REDUCT-MONOMER;Metabolism;;;1396
203;dcd;EG11418_RNA;DCTP-DEAM-MONOMER;Metabolism;;;1397
1110;waaU;EG11423_RNA;EG11423-MONOMER;Metabolism;;;1401
1111;waaY;EG11425_RNA;EG11425-MONOMER;Metabolism;;;1403
1112;waaZ;EG11426_RNA;EG11426-MONOMER;Metabolism;;;1404
1038;tktA;EG11427_RNA;TRANSKETOI-MONOMER;Metabolism;;;1405
1004;sthA;EG11428_RNA;UDHA-MONOMER;Metabolism;;;1406
629;msrA;EG11433_RNA;EG11433-MONOMER;Metabolism;;;1411
24;ahr;EG11436_RNA;EG11436-MONOMER;Metabolism;;;1414
212;def;EG11440_RNA;EG11440-MONOMER;Metabolism;;;1418
354;gcvT;EG11442_RNA;GCVT-MONOMER;Metabolism;;;1420
903;rpiA;EG11443_RNA;RIB5PISOMA-MONOMER;Metabolism;;;1421
968;scpA;EG11444_RNA;METHYLMALONYL-COA-MUT-MONOMER;Metabolism;;;1422
17;acs;EG11448_RNA;ACS-MONOMER;Metabolism;;;1425
869;rffE;EG11451_RNA;UDPGLCNACEPIM-MONOMER;Metabolism;;;1428
870;rffG;EG11453_RNA;DTDPGLUCDEHYDRAT2-MONOMER;Metabolism;;;1430
871;rffH;EG11454_RNA;DTDPGLUCOSEPP2-MONOMER;Metabolism;;;1431
868;rffA;EG11456_RNA;RFFTRANS-MONOMER;Metabolism;;;1433
158;corA;EG11463_RNA;CORA-MONOMER;Metabolism;;;1439
879;rhtC;EG11468_RNA;RHTC-MONOMER;Metabolism;;;1444
1192;yigL;EG11470_RNA;EG11470-MONOMER;Metabolism;;;1446
1076;ubiE;EG11473_RNA;2-OCTAPRENYL-METHOXY-BENZOQ-METH-MONOMER;Metabolism;;;1449
432;hemG;EG11485_RNA;PROTOPORGENOXI-MONOMER;Metabolism;;;1455
736;pdxH;EG11487_RNA;PDXH-MONOMER;Metabolism;;;1457
339;gadB;EG11490_RNA;GLUTDECARBOXB-MONOMER;Metabolism;;;1460
853;qor;EG11492_RNA;QOR-MONOMER;Metabolism;;;1462
728;pabC;EG11493_RNA;ADCLY-MONOMER;Metabolism;;;1463
22;adiA;EG11501_RNA;ARGDECARBOXDEG-MONOMER;Metabolism;;;1471
607;metQ;EG11504_RNA;METQ-MONOMER;Metabolism;;;1474
996;sra;EG11508_RNA;EG11508-MONOMER;Translation;;;1478
796;ppk;EG11510_RNA;PPK-MONOMER;Metabolism;;;1480
1132;yaaH;EG11512_RNA;EG11512-MONOMER;Metabolism;;;1482
385;glpX;EG11517_RNA;EG11517-MONOMER;Metabolism;;;1486
270;fabI;EG11528_RNA;ENOYL-ACP-REDUCT-NADH-MONOMER;Metabolism;;;1496
274;fadD;EG11530_RNA;ACYLCOASYN-MONOMER;Metabolism;;;1498
589;menC;EG11532_RNA;O-SUCCINYLBENZOATE-COA-SYN-MONOMER;Metabolism;;;1500
851;pyrH;EG11539_RNA;UMPKI-MONOMER;Metabolism;;;1507
1115;wrbA;EG11540_RNA;PD01343;Metabolism;;;1508
505;kup;EG11541_RNA;KUP-MONOMER;Metabolism;;;1509
1022;tesA;EG11542_RNA;THIOESTERI-MONOMER;Metabolism;;;1510
430;hemE;EG11543_RNA;UROGENDECARBOX-MONOMER;Metabolism;;;1511
647;nadC;EG11546_RNA;QUINOPRIBOTRANS-MONOMER;Metabolism;;;1514
900;rnt;EG11547_RNA;EG11547-MONOMER;RNA;Decay;;1515
457;hypF;EG11551_RNA;EG11551-MONOMER;Metabolism;;;1518
367;glmM;EG11553_RNA;PHOSGLUCOSAMINEMUT-MONOMER;Metabolism;;;1520
1014;talB;EG11556_RNA;TRANSALDOLB-MONOMER;Metabolism;;;1523
504;kefF;EG11568_RNA;EG11568-MONOMER;Metabolism;;;1534
536;lptD;EG11569_RNA;EG11569-MONOMER;Metabolism;;;1535
514;leuD;EG11575_RNA;LEUD-MONOMER;Metabolism;;;1541
513;leuC;EG11576_RNA;LEUC-MONOMER;Metabolism;;;1542
512;leuB;EG11577_RNA;3-ISOPROPYLMALDEHYDROG-MONOMER;Metabolism;;;1543
352;gcl;EG11583_RNA;GLYOCARBOLIG-MONOMER;Metabolism;;;1548
1023;thiC;EG11585_RNA;THIC-MONOMER;Metabolism;;;1549
1025;thiE;EG11586_RNA;THIE-MONOMER;Metabolism;;;1550
1026;thiF;EG11587_RNA;THIF-MONOMER;Metabolism;;;1551
1027;thiG;EG11589_RNA;THIG-MONOMER;Metabolism;;;1552
1028;thiH;EG11590_RNA;THIH-MONOMER;Metabolism;;;1553
521;lipB;EG11591_RNA;EG11591-MONOMER;Metabolism;;;1554
1182;ygiF;EG11603_RNA;EG11603-MONOMER;Metabolism;;;1565
491;kch;EG11606_RNA;KCH-MONOMER;Metabolism;;;1568
148;clsA;EG11608_RNA;CARDIOLIPSYN-MONOMER;Metabolism;;;1570
804;proP;EG11612_RNA;PROP-MONOMER;Metabolism;;;1574
120;basR;EG11615_RNA;BASR-MONOMER;Transcription;Regulation;;1577
119;baeR;EG11618_RNA;BAER-MONOMER;Transcription;Regulation;;1580
890;rnb;EG11620_RNA;EG11620-MONOMER;RNA;Decay;;1582
606;metN;EG11621_RNA;ABC-MONOMER;Metabolism;;;1583
972;sdaB;EG11623_RNA;LSERINEDEAM2-MONOMER;Metabolism;;;1585
92;artP;EG11624_RNA;ARTP-MONOMER;Metabolism;;;1586
93;artQ;EG11626_RNA;ARTQ-MONOMER;Metabolism;;;1588
91;artM;EG11627_RNA;ARTM-MONOMER;Metabolism;;;1589
90;artJ;EG11628_RNA;ARTJ-MONOMER;Metabolism;;;1590
784;potF;EG11629_RNA;POTF-MONOMER;Metabolism;;;1591
785;potG;EG11630_RNA;POTG-MONOMER;Metabolism;;;1592
786;potH;EG11631_RNA;POTH-MONOMER;Metabolism;;;1593
787;potI;EG11632_RNA;POTI-MONOMER;Metabolism;;;1594
1153;ydeA;EG11636_RNA;YDEA-MONOMER;Metabolism;;;1597
243;eamA;EG11639_RNA;EG11639-MONOMER;Metabolism;;;1599
2;accA;EG11647_RNA;CARBOXYL-TRANSFERASE-ALPHA-MONOMER;Metabolism;;;1605
225;dkgB;EG11648_RNA;MONOMER0-149;Metabolism;;;1606
987;slyD;EG11663_RNA;EG11663-MONOMER;Metabolism;;;1620
108;atoD;EG11669_RNA;ATOD-MONOMER;Metabolism;;;1626
106;atoA;EG11670_RNA;ATOA-MONOMER;Metabolism;;;1627
107;atoB;EG11672_RNA;ACETYL-COA-ACETYLTRANSFER-MONOMER;Metabolism;;;1629
305;folB;EG11673_RNA;H2NEOPTERINALDOL-MONOMER;Metabolism;;;1630
729;panB;EG11675_RNA;3-CH3-2-OXOBUTANOATE-OH-CH3-XFER-MONOMER;Metabolism;;;1632
0;aas;EG11679_RNA;AAS-MONOMER;Metabolism;;;1636
534;lptB;EG11680_RNA;YHBG-MONOMER;Metabolism;;;1637
665;nepI;EG11689_RNA;YICM-MONOMER;Metabolism;;;1646
19;ade;EG11692_RNA;EG11692-MONOMER;Metabolism;;;1649
343;galM;EG11698_RNA;ALDOSE1EPIM-MONOMER;Metabolism;;;1655
406;gpmA;EG11699_RNA;GPMA-MONOMER;Metabolism;;;1656
1080;udk;EG11701_RNA;UDK-MONOMER;Metabolism;;;1658
15;acrA;EG11703_RNA;EG11703-MONOMER;Metabolism;;;1660
16;acrB;EG11704_RNA;ACRB-MONOMER;Metabolism;;;1661
1190;yieF;EG11723_RNA;EG11723-MONOMER;Metabolism;;;1676
247;efeB;EG11735_RNA;EG11735-MONOMER;Metabolism;;;1688
400;gmhB;EG11736_RNA;EG11736-MONOMER;Metabolism;;;1689
602;metI;EG11737_RNA;METI-MONOMER;Metabolism;;;1690
730;panC;EG11746_RNA;PANTOATE-BETA-ALANINE-LIG-MONOMER;Metabolism;;;1698
712;otsA;EG11751_RNA;TREHALOSE6PSYN-MONOMER;Metabolism;;;1703
713;otsB;EG11752_RNA;TREHALOSEPHOSPHASYN-MONOMER;Metabolism;;;1704
144;chaA;EG11753_RNA;CHAA-MONOMER;Metabolism;;;1705
982;setA;EG11754_RNA;B0070-MONOMER;Metabolism;;;1706
1201;yjeF;EG11758_RNA;EG11758-MONOMER;Metabolism;;;1708
700;nuoM;EG11773_RNA;NUOM-MONOMER;Metabolism;;;1721
693;nuoF;EG11774_RNA;NUOF-MONOMER;Metabolism;;;1722
532;lplA;EG11796_RNA;EG11796-MONOMER;Metabolism;;;1744
1013;talA;EG11797_RNA;TRANSALDOLA-MONOMER;Metabolism;;;1745
833;purT;EG11809_RNA;GARTRANSFORMYL2-MONOMER;Metabolism;;;1757
353;gcvP;EG11810_RNA;GCVP-MONOMER;Metabolism;;;1758
25;aidB;EG11811_RNA;EG11811-MONOMER;Metabolism;;;1759
482;ispF;EG11816_RNA;EG11816-MONOMER;Metabolism;;;1763
1011;surE;EG11817_RNA;EG11817-MONOMER;Metabolism;;;1764
834;purU;EG11819_RNA;FORMYLTHFDEFORMYL-MONOMER;Metabolism;;;1765
42;amtB;EG11821_RNA;AMTB-MONOMER;Metabolism;;;1767
838;puuB;EG11822_RNA;EG11822-MONOMER;Metabolism;;;1768
258;etk;EG11826_RNA;EG11826-MONOMER;Metabolism;;;1772
904;rpiB;EG11827_RNA;RIB5PISOMB-MONOMER;Metabolism;;;1773
860;rdoA;EG11831_RNA;EG11831-MONOMER;Metabolism;;;1777
434;hemN;EG11836_RNA;HEMN-MONOMER;Metabolism;;;1781
1193;yihS;EG11845_RNA;EG11845-MONOMER;Metabolism;;;1790
1194;yihU;EG11847_RNA;EG11847-MONOMER;Metabolism;;;1792
1195;yihV;EG11848_RNA;EG11848-MONOMER;Metabolism;;;1793
1196;yihX;EG11850_RNA;EG11850-MONOMER;Metabolism;;;1795
291;fdoI;EG11856_RNA;FDOI-MONOMER;Metabolism;;;1801
290;fdoH;EG11857_RNA;FDOH-MONOMER;Metabolism;;;1802
289;fdoG;EG11858_RNA;FDOG-MONOMER;Metabolism;;;1803
875;rhaM;EG11865_RNA;EG11865-MONOMER;Metabolism;;;1810
874;rhaD;EG11866_RNA;RHAMNULPALDOL-MONOMER;Metabolism;;;1811
872;rhaA;EG11867_RNA;RHAMNISOM-MONOMER;Metabolism;;;1812
873;rhaB;EG11868_RNA;RHAMNULOKIN-MONOMER;Metabolism;;;1813
295;fieF;EG11873_RNA;YIIP-MONOMER;Metabolism;;;1817
587;menA;EG11880_RNA;DMK-MONOMER;Metabolism;;;1824
768;plaP;EG11896_RNA;YEEF-MONOMER;Metabolism;;;1840
1197;yijE;EG11902_RNA;EG11902-MONOMER;Metabolism;;;1845
363;gldA;EG11904_RNA;GLYCDEH-MONOMER;Metabolism;;;1847
1198;yjbB;EG11919_RNA;EG11919-MONOMER;Metabolism;;;1861
47;aphA;EG11934_RNA;APHA-MONOMER;Metabolism;;;1876
1199;yjcD;EG11939_RNA;EG11939-MONOMER;Metabolism;;;1881
40;alsK;EG11956_RNA;EG11956-MONOMER;Metabolism;;;1897
39;alsE;EG11957_RNA;EG11957-MONOMER;Metabolism;;;1898
38;alsC;EG11958_RNA;YJCV-MONOMER;Metabolism;;;1899
36;alsA;EG11959_RNA;YJCW-MONOMER;Metabolism;;;1900
529;lldP;EG11961_RNA;LCTP-MONOMER;Metabolism;;;1901
528;lldD;EG11963_RNA;L-LACTDEHYDROGFMN-MONOMER;Metabolism;;;1903
702;nupC;EG11971_RNA;NUPC-MONOMER;Metabolism;;;1910
864;rfbA;EG11978_RNA;DTDPGLUCOSEPP-MONOMER;Metabolism;;;1917
866;rfbC;EG11979_RNA;DTDPDEHYDRHAMEPIM-MONOMER;Metabolism;;;1918
364;glf;EG11981_RNA;GALPMUT-MONOMER;Metabolism;;;1920
1113;wbbI;EG11983_RNA;EG11983-MONOMER;Metabolism;;;1922
1164;yeiG;EG12026_RNA;EG12026-MONOMER;Metabolism;;;1957
887;rihB;EG12030_RNA;EG12030-MONOMER;Metabolism;;;1961
819;psuG;EG12033_RNA;EG12033-MONOMER;Metabolism;;;1964
983;setB;EG12034_RNA;B2170-MONOMER;Metabolism;;;1965
1165;yejA;EG12037_RNA;YEJA-MONOMER;Metabolism;;;1968
1166;yejB;EG12038_RNA;YEJB-MONOMER;Metabolism;;;1969
1167;yejE;EG12040_RNA;YEJE-MONOMER;Metabolism;;;1970
1168;yejF;EG12041_RNA;YEJF-MONOMER;Metabolism;;;1971
626;mqo;EG12069_RNA;EG12069-MONOMER;Metabolism;;;1992
669;nikA;EG12075_RNA;NIKA-MONOMER;Metabolism;;;1995
670;nikB;EG12076_RNA;NIKB-MONOMER;Metabolism;;;1996
671;nikC;EG12077_RNA;NIKC-MONOMER;Metabolism;;;1997
672;nikD;EG12078_RNA;NIKD-MONOMER;Metabolism;;;1998
673;nikE;EG12079_RNA;NIKE-MONOMER;Metabolism;;;1999
689;nuoA;EG12082_RNA;NUOA-MONOMER;Metabolism;;;2002
690;nuoB;EG12083_RNA;NUOB-MONOMER;Metabolism;;;2003
691;nuoC;EG12084_RNA;NUOC-MONOMER;Metabolism;;;2004
692;nuoE;EG12086_RNA;NUOE-MONOMER;Metabolism;;;2005
694;nuoG;EG12087_RNA;NUOG-MONOMER;Metabolism;;;2006
695;nuoH;EG12088_RNA;NUOH-MONOMER;Metabolism;;;2007
696;nuoI;EG12089_RNA;NUOI-MONOMER;Metabolism;;;2008
697;nuoJ;EG12090_RNA;NUOJ-MONOMER;Metabolism;;;2009
698;nuoK;EG12091_RNA;NUOK-MONOMER;Metabolism;;;2010
699;nuoL;EG12092_RNA;NUOL-MONOMER;Metabolism;;;2011
701;nuoN;EG12093_RNA;NUON-MONOMER;Metabolism;;;2012
1039;tktB;EG12100_RNA;TRANSKETOII-MONOMER;Metabolism;;;2019
293;feoB;EG12102_RNA;FEOB-MONOMER;Metabolism;;;2021
1205;yjjG;EG12115_RNA;EG12115-MONOMER;Metabolism;;;2033
550;lrhA;EG12123_RNA;EG12123-MONOMER;Transcription;Regulation;;2040
443;hisJ;EG12124_RNA;HISJ-MONOMER;Metabolism;;;2041
446;hisQ;EG12125_RNA;HISQ-MONOMER;Metabolism;;;2042
1092;uraA;EG12129_RNA;URAA-MONOMER;Metabolism;;;2045
878;rhtA;EG12134_RNA;EG12134-MONOMER;Metabolism;;;2050
973;sdaC;EG12142_RNA;SDAC-MONOMER;Metabolism;;;2057
750;pgm;EG12144_RNA;PHOSPHOGLUCMUT-MONOMER;Metabolism;;;2059
344;galP;EG12148_RNA;GALP-MONOMER;Metabolism;;;2062
461;idnK;EG12152_RNA;GLUCONOKINI-MONOMER;Metabolism;;;2065
134;brnQ;EG12168_RNA;BRNQ-MONOMER;Metabolism;;;2078
431;hemF;EG12189_RNA;COPROGENOXI-MONOMER;Metabolism;;;2092
650;nadK;EG12192_RNA;MONOMER0-541;Metabolism;;;2095
1104;waaF;EG12210_RNA;EG12210-MONOMER;Metabolism;;;2111
1213;zntA;EG12215_RNA;YHHO-MONOMER;Metabolism;;;2116
14;acpT;EG12221_RNA;EG12221-MONOMER;Metabolism;;;2121
766;pitA;EG12230_RNA;PITA-MONOMER;Metabolism;;;2129
238;dtpB;EG12232_RNA;YHIP-MONOMER;Metabolism;;;2131
88;arsB;EG12236_RNA;ARSF-MONOMER;Metabolism;;;2135
89;arsC;EG12237_RNA;EG12237-MONOMER;Metabolism;;;2136
1049;treF;EG12245_RNA;TREHALACYTO-MONOMER;Metabolism;;;2143
492;kdgK;EG12253_RNA;DEOXYGLUCONOKIN-MONOMER;Metabolism;;;2150
257;eptB;EG12267_RNA;EG12267-MONOMER;Metabolism;;;2163
357;ghrB;EG12272_RNA;MONOMER-43;Metabolism;;;2168
1130;xylG;EG12275_RNA;XYLG-MONOMER;Metabolism;;;2171
1131;xylH;EG12276_RNA;XYLH-MONOMER;Metabolism;;;2172
1186;yiaK;EG12279_RNA;EG12279-MONOMER;Metabolism;;;2175
566;lyxK;EG12284_RNA;LYXK-MONOMER;Metabolism;;;2180
985;sgbH;EG12285_RNA;EG12285-MONOMER;Metabolism;;;2181
986;sgbU;EG12286_RNA;EG12286-MONOMER;Metabolism;;;2182
984;sgbE;EG12287_RNA;EG12287-MONOMER;Metabolism;;;2183
31;aldB;EG12292_RNA;ALDDEHYDROGB-MONOMER;Metabolism;;;2188
1187;yiaY;EG12293_RNA;EG12293-MONOMER;Metabolism;;;2189
407;gpmM;EG12296_RNA;PGMI-MONOMER;Metabolism;;;2192
1188;yibQ;EG12298_RNA;EG12298-MONOMER;Metabolism;;;2194
1040;tmk;EG12302_RNA;DTMPKI-MONOMER;Metabolism;;;2196
741;pepB;EG12310_RNA;EG12310-MONOMER;Metabolism;;;2202
154;coaE;EG12312_RNA;EG12312-MONOMER;Metabolism;;;2204
11;acnB;EG12316_RNA;ACONITATEDEHYDRB-MONOMER;Metabolism;;;2208
165;cueO;EG12318_RNA;EG12318-MONOMER;Metabolism;;;2209
138;can;EG12319_RNA;EG12319-MONOMER;Metabolism;;;2210
147;clcA;EG12331_RNA;YADQ-MONOMER;Metabolism;;;2221
1154;ydfG;EG12345_RNA;EG12345-MONOMER;Metabolism;;;2235
1161;yecC;EG12347_RNA;EG12347-MONOMER;Metabolism;;;2236
795;ppiC;EG12352_RNA;EG12352-MONOMER;Metabolism;;;2237
278;fadK;EG12357_RNA;EG12357-MONOMER;Metabolism;;;2240
1000;ssuB;EG12358_RNA;YCBE-MONOMER;Metabolism;;;2241
501;kduD;EG12361_RNA;KDUD-MONOMER;Metabolism;;;2244
592;menF;EG12362_RNA;MENF-MONOMER;Metabolism;;;2245
1215;znuB;EG12368_RNA;ZNUB-MONOMER;Metabolism;;;2251
681;nrdF;EG12381_RNA;NRDF-MONOMER;Metabolism;;;2263
1138;ybcF;EG12384_RNA;EG12384-MONOMER;Metabolism;;;2264
519;lhgO;EG12387_RNA;EG12387-MONOMER;Metabolism;;;2267
202;dauA;EG12392_RNA;YCHM-MONOMER;Metabolism;;;2270
630;msrB;EG12394_RNA;EG12394-MONOMER;Metabolism;;;2272
223;dhaM;EG12399_RNA;EG12399-MONOMER;Metabolism;;;2276
687;nudK;EG12410_RNA;EG12410-MONOMER;Metabolism;;;2286
867;rfbD;EG12411_RNA;DTDPDEHYRHAMREDUCT-MONOMER;Metabolism;;;2287
865;rfbB;EG12412_RNA;DTDPGLUCDEHYDRAT-MONOMER;Metabolism;;;2288
350;gatY;EG12419_RNA;TAGAALDOL2-MONOMER;Metabolism;;;2293
800;prmC;EG12424_RNA;EG12424-MONOMER;Metabolism;;;2297
1156;ydiF;EG12432_RNA;EG12432-MONOMER;Metabolism;;;2302
591;menE;EG12437_RNA;O-SUCCINYLBENZOATE-COA-LIG-MONOMER;Metabolism;;;2306
593;menH;EG12438_RNA;EG12438-MONOMER;Metabolism;;;2307
624;mpl;EG12440_RNA;EG12440-MONOMER;Metabolism;;;2309
244;eamB;EG12445_RNA;EG12445-MONOMER;Metabolism;;;2313
37;alsB;EG12458_RNA;YJCX-MONOMER;Metabolism;;;2320
1200;yjdL;EG12469_RNA;YJDL-MONOMER;Metabolism;;;2322
167;cycA;EG12504_RNA;CYCA-MONOMER;Metabolism;;;2326
609;mgtA;EG12525_RNA;MGTA-MONOMER;Metabolism;;;2331
404;gntP;EG12563_RNA;GNTP-MONOMER;Metabolism;;;2338
586;mdtM;EG12576_RNA;YJIO-MONOMER;Metabolism;;;2339
583;mdoB;EG12591_RNA;PGLYCEROLTRANSI-MONOMER;Metabolism;;;2341
1206;yjjX;EG12600_RNA;EG12600-MONOMER;Metabolism;;;2342
267;fabF;EG12606_RNA;3-OXOACYL-ACP-SYNTHII-MONOMER;Metabolism;;;2344
233;dppB;EG12625_RNA;DPPB-MONOMER;Metabolism;;;2352
234;dppC;EG12626_RNA;DPPC-MONOMER;Metabolism;;;2353
235;dppD;EG12627_RNA;DPPD-MONOMER;Metabolism;;;2354
236;dppF;EG12628_RNA;DPPF-MONOMER;Metabolism;;;2355
403;gntK;EG12629_RNA;GLUCONOKINII-MONOMER;Metabolism;;;2356
684;nudF;EG12633_RNA;EG12633-MONOMER;Metabolism;;;2359
580;mdaB;EG12656_RNA;EG12656-MONOMER;Metabolism;;;2361
390;gltJ;EG12661_RNA;GLTJ-MONOMER;Metabolism;;;2364
391;gltK;EG12662_RNA;GLTK-MONOMER;Metabolism;;;2365
392;gltL;EG12663_RNA;GLTL-MONOMER;Metabolism;;;2366
544;lpxH;EG12666_RNA;EG12666-MONOMER;Metabolism;;;2367
688;nudL;EG12693_RNA;EG12693-MONOMER;Metabolism;;;2373
560;luxS;EG12712_RNA;EG12712-MONOMER;Metabolism;;;2384
1152;yddG;EG12713_RNA;EG12713-MONOMER;Metabolism;;;2385
241;dxr;EG12715_RNA;DXPREDISOM-MONOMER;Metabolism;;;2386
998;sstT;EG12732_RNA;YGJU-MONOMER;Metabolism;;;2389
1094;uxaA;EG12734_RNA;ALTRODEHYDRAT-MONOMER;Metabolism;;;2390
263;exuT;EG12738_RNA;EXUT-MONOMER;Metabolism;;;2391
488;kbaY;EG12768_RNA;TAGAALDOL1-MONOMER;Metabolism;;;2396
418;gss;EG12882_RNA;GSP-MONOMER;Metabolism;;;2436
767;pitB;EG12883_RNA;PITB-MONOMER;Metabolism;;;2437
366;glk;EG12957_RNA;GLUCOKIN-MONOMER;Metabolism;;;2441
1122;xapB;EG13159_RNA;XAPB-MONOMER;Metabolism;;;2443
52;aqpZ;EG13270_RNA;AQPZ-MONOMER;Metabolism;;;2450
204;dctA;EG20044_RNA;DCTA-MONOMER;Metabolism;;;2452
219;dgoA;EG20049_RNA;DEHYDDEOXPHOSGALACT-ALDOL-MONOMER;Metabolism;;;2453
359;glcB;EG20080_RNA;MALSYNG-MONOMER;Metabolism;;;2456
409;gpsA;EG20091_RNA;GLYC3PDEHYDROGBIOSYN-MONOMER;Metabolism;;;2457
449;hpt;EG20098_RNA;HYPOXANPRIBOSYLTRAN-MONOMER;Metabolism;;;2458
502;kefB;EG20110_RNA;KEFB-MONOMER;Metabolism;;;2459
820;pta;EG20173_RNA;PHOSACETYLTRANS-MONOMER;Metabolism;;;2460
1098;uxuB;EG20248_RNA;MANNONOXIDOREDUCT-MONOMER;Metabolism;;;2461
1129;xylF;EG20252_RNA;XYLF-MONOMER;Metabolism;;;2463
680;nrdE;EG20257_RNA;NRDE-MONOMER;Metabolism;;;2465
923;rplU;EG50001_RNA;EG50001-MONOMER;Translation;;;2466
928;rpmA;EG50002_RNA;EG50002-MONOMER;Translation;;;2467
260;eutB;EG50006_RNA;EUTB-MONOMER;Metabolism;;;2471
261;eutC;EG50007_RNA;EUTC-MONOMER;Metabolism;;;2472
338;gadA;EG50009_RNA;GLUTDECARBOXA-MONOMER;Metabolism;;;2474
323;frmA;EG50010_RNA;ADHC-MONOMER;Metabolism;;;2475
311;folP;EG50011_RNA;H2PTEROATESYNTH-MONOMER;Metabolism;;;2476
496;kdpF;G0-10439_RNA;MONOMER0-12;Metabolism;;;2489
1140;ybgT;G0-10441_RNA;MONOMER0-2663;Metabolism;;;2491
362;glcF;G0-8601_RNA;MONOMER0-561;Metabolism;;;2600
660;nanT;G436_RNA;NANT-MONOMER;Metabolism;;;2645
567;maa;G58_RNA;MALTACETYLTRAN-MONOMER;Metabolism;;;2647
510;ldhA;G592_RNA;DLACTDEHYDROGNAD-MONOMER;Metabolism;;;2648
485;ispU;G6092_RNA;UPPSYN-MONOMER;Metabolism;;;2656
509;ldcC;G6094_RNA;LDC2-MONOMER;Metabolism;;;2658
1037;tilS;G6096_RNA;G6096-MONOMER;Metabolism;;;2660
376;gloB;G6099_RNA;GLYOXII-MONOMER;Metabolism;;;2663
275;fadE;G6105_RNA;ACYLCOADEHYDROG-MONOMER;Metabolism;;;2669
530;lpcA;G6106_RNA;G6106-MONOMER;Metabolism;;;2670
619;mmuM;G6136_RNA;MMUM-MONOMER;Metabolism;;;2700
1133;yagE;G6140_RNA;G6140-MONOMER;Metabolism;;;2704
1134;yagF;G6141_RNA;G6141-MONOMER;Metabolism;;;2705
1135;yahK;G6190_RNA;G6190-MONOMER;Metabolism;;;2750
809;prpB;G6196_RNA;G6196-MONOMER;Metabolism;;;2756
810;prpC;G6198_RNA;G6198-MONOMER;Metabolism;;;2757
811;prpD;G6199_RNA;G6199-MONOMER;Metabolism;;;2758
812;prpE;G6200_RNA;G6200-MONOMER;Metabolism;;;2759
611;mhpE;G6205_RNA;MHPELY-MONOMER;Metabolism;;;2761
324;frmB;G6208_RNA;G6208-MONOMER;Metabolism;;;2764
1030;thiL;G6234_RNA;THI-P-KIN-MONOMER;Metabolism;;;2786
242;dxs;G6237_RNA;DXS-MONOMER;Metabolism;;;2788
1029;thiI;G6238_RNA;THII-MONOMER;Metabolism;;;2789
731;panE;G6239_RNA;2-DEHYDROPANTOATE-REDUCT-MONOMER;Metabolism;;;2790
280;fadM;G6244_RNA;G6244-MONOMER;Metabolism;;;2795
156;cof;G6246_RNA;G6246-MONOMER;Metabolism;;;2797
157;copA;G6260_RNA;G6260-MONOMER;Metabolism;;;2808
1136;ybaS;G6261_RNA;G6261-MONOMER;Metabolism;;;2809
1137;ybbO;G6269_RNA;G6269-MONOMER;Metabolism;;;2817
456;hyi;G6277_RNA;G6277-MONOMER;Metabolism;;;2824
396;glxR;G6278_RNA;G6278-MONOMER;Metabolism;;;2825
32;allB;G6281_RNA;G6281-MONOMER;Metabolism;;;2827
395;glxK;G6283_RNA;GLY3KIN-MONOMER;Metabolism;;;2829
34;allE;G6284_RNA;G6284-MONOMER;Metabolism;;;2830
33;allC;G6285_RNA;G6285-MONOMER;Metabolism;;;2831
962;rrrD;G6310_RNA;G6310-MONOMER;Metabolism;;;2853
1139;ybdL;G6329_RNA;G6329-MONOMER;Metabolism;;;2871
146;citC;G6344_RNA;CITC-MONOMER;Metabolism;;;2885
648;nadD;G6350_RNA;NICONUCADENYLYLTRAN-MONOMER;Metabolism;;;2891
886;rihA;G6358_RNA;G6358-MONOMER;Metabolism;;;2899
389;gltI;G6359_RNA;G6359-MONOMER;Metabolism;;;2900
614;miaB;G6364_RNA;G6364-MONOMER;Metabolism;;;2905
1077;ubiF;G6365_RNA;OCTAPRENYL-METHYL-METHOXY-BENZOQ-OH-MON;Metabolism;;;2906
239;dtpD;G6378_RNA;B0709-MONOMER;Metabolism;;;2912
1212;zitB;G6393_RNA;B0752-MONOMER;Metabolism;;;2922
749;pgl;G6397_RNA;6PGLUCONOLACT-MONOMER;Metabolism;;;2926
149;clsB;G6406_RNA;G6406-MONOMER;Metabolism;;;2935
1142;ybiV;G6425_RNA;G6425-MONOMER;Metabolism;;;2953
413;gsiA;G6429_RNA;YLIA-MONOMER;Metabolism;;;2957
414;gsiB;G6430_RNA;YLIB-MONOMER;Metabolism;;;2958
415;gsiC;G6431_RNA;YLIC-MONOMER;Metabolism;;;2959
416;gsiD;G6432_RNA;YLID-MONOMER;Metabolism;;;2960
1207;yliI;G6437_RNA;G6437-MONOMER;Metabolism;;;2965
1144;ybjG;G6439_RNA;G6439-MONOMER;Metabolism;;;2967
581;mdfA;G6440_RNA;CMR-MONOMER;Metabolism;;;2968
1145;ybjI;G6442_RNA;G6442-MONOMER;Metabolism;;;2970
559;ltaE;G6455_RNA;LTAA-MONOMER;Metabolism;;;2983
1143;ybjE;G6458_RNA;G6458-MONOMER;Metabolism;;;2986
1146;ycaO;G6468_RNA;G6468-MONOMER;Metabolism;;;2996
1147;ycbL;G6475_RNA;G6475-MONOMER;Metabolism;;;3003
1001;ssuC;G6476_RNA;YCBM-MONOMER;Metabolism;;;3004
1002;ssuD;G6477_RNA;MONOMER-162;Metabolism;;;3005
999;ssuA;G6478_RNA;G6478-MONOMER;Metabolism;;;3006
1003;ssuE;G6479_RNA;MONOMER0-146;Metabolism;;;3007
608;mgsA;G6497_RNA;METHGLYSYN-MONOMER;Metabolism;;;3025
259;etp;G6503_RNA;G6503-MONOMER;Metabolism;;;3031
964;rutG;G6517_RNA;B1006-MONOMER;Metabolism;;;3044
746;pgaB;G6530_RNA;G6530-MONOMER;Metabolism;;;3055
356;ghrA;G6539_RNA;G6539-MONOMER;Metabolism;;;3061
150;clsC;G6551_RNA;G6551-MONOMER;Metabolism;;;3073
643;murJ;G6561_RNA;G6561-MONOMER;Metabolism;;;3082
654;nagK;G6576_RNA;G6576-MONOMER;Metabolism;;;3097
686;nudJ;G6580_RNA;G6580-MONOMER;Metabolism;;;3101
249;emtA;G6622_RNA;G6622-MONOMER;Metabolism;;;3142
222;dhaL;G6626_RNA;MONOMER0-1261;Metabolism;;;3146
221;dhaK;G6627_RNA;G6627-MONOMER;Metabolism;;;3147
842;puuP;G6643_RNA;B1296-MONOMER;Metabolism;;;3163
837;puuA;G6644_RNA;G6644-MONOMER;Metabolism;;;3164
840;puuD;G6645_RNA;G6645-MONOMER;Metabolism;;;3165
841;puuE;G6646_RNA;G6646-MONOMER;Metabolism;;;3166
1150;ycjU;G6655_RNA;G6655-MONOMER;Metabolism;;;3175
1149;ycjG;G6661_RNA;G6661-MONOMER;Metabolism;;;3181
623;mpaA;G6662_RNA;G6662-MONOMER;Metabolism;;;3182
625;mppA;G6665_RNA;G6665-MONOMER;Metabolism;;;3185
1151;ydbK;G6701_RNA;G6701-MONOMER;Metabolism;;;3218
725;paaZ;G6708_RNA;G6708-MONOMER;Metabolism;;;3224
715;paaA;G6709_RNA;G6709-MONOMER;Metabolism;;;3225
716;paaB;G6710_RNA;G6710-MONOMER;Metabolism;;;3226
717;paaC;G6711_RNA;G6711-MONOMER;Metabolism;;;3227
718;paaE;G6713_RNA;G6713-MONOMER;Metabolism;;;3229
719;paaF;G6714_RNA;G6714-MONOMER;Metabolism;;;3230
720;paaG;G6715_RNA;G6715-MONOMER;Metabolism;;;3231
721;paaH;G6716_RNA;G6716-MONOMER;Metabolism;;;3232
722;paaI;G6717_RNA;G6717-MONOMER;Metabolism;;;3233
723;paaJ;G6718_RNA;G6718-MONOMER;Metabolism;;;3234
724;paaK;G6719_RNA;G6719-MONOMER;Metabolism;;;3235
118;azoR;G6731_RNA;G6731-MONOMER;Metabolism;;;3245
733;patD;G6755_RNA;G6755-MONOMER;Metabolism;;;3263
620;mnaT;G6759_RNA;G6759-MONOMER;Metabolism;;;3267
45;ansP;G6764_RNA;ANSP-MONOMER;Metabolism;;;3272
668;nhoA;G6770_RNA;G6770-MONOMER;Metabolism;;;3278
21;adhP;G6775_RNA;ADHP-MONOMER;Metabolism;;;3283
211;ddpX;G6782_RNA;G6782-MONOMER;Metabolism;;;3290
340;gadC;G6786_RNA;XASA-MONOMER;Metabolism;;;3294
558;lsrK;G6798_RNA;G6798-MONOMER;Metabolism;;;3306
552;lsrA;G6800_RNA;YDEX-MONOMER;Metabolism;;;3308
554;lsrC;G6801_RNA;YDEY-MONOMER;Metabolism;;;3309
555;lsrD;G6802_RNA;YDEZ-MONOMER;Metabolism;;;3310
553;lsrB;G6803_RNA;YNEA-MONOMER;Metabolism;;;3311
556;lsrF;G6804_RNA;G6804-MONOMER;Metabolism;;;3312
557;lsrG;G6805_RNA;G6805-MONOMER;Metabolism;;;3313
1208;yneH;G6810_RNA;G6810-MONOMER;Metabolism;;;3318
965;sad;G6811_RNA;G6811-MONOMER;Metabolism;;;3319
993;speG;G6842_RNA;SPERMACTRAN-MONOMER;Metabolism;;;3350
584;mdtI;G6857_RNA;B1599-MONOMER;Metabolism;;;3365
585;mdtJ;G6858_RNA;B1600-MONOMER;Metabolism;;;3366
1047;tqsA;G6859_RNA;G6859-MONOMER;Metabolism;;;3367
310;folM;G6862_RNA;G6862-MONOMER;Metabolism;;;3370
1046;tppB;G6877_RNA;B1634-MONOMER;Metabolism;;;3385
739;pdxY;G6879_RNA;PDXY-MONOMER;Metabolism;;;3387
988;sodC;G6886_RNA;G6886-MONOMER;Metabolism;;;3394
375;gloA;G6891_RNA;GLYOXI-MONOMER;Metabolism;;;3399
1009;sufS;G6906_RNA;G6906-MONOMER;Metabolism;;;3414
594;menI;G6912_RNA;G6912-MONOMER;Metabolism;;;3419
1157;ydiO;G6918_RNA;G6918-MONOMER;Metabolism;;;3425
105;astE;G6940_RNA;SUCCGLUDESUCC-MONOMER;Metabolism;;;3447
102;astB;G6941_RNA;SUCCARGDIHYDRO-MONOMER;Metabolism;;;3448
104;astD;G6942_RNA;SUCCGLUALDDEHYD-MONOMER;Metabolism;;;3449
101;astA;G6943_RNA;ARGSUCCTRAN-MONOMER;Metabolism;;;3450
103;astC;G6944_RNA;SUCCORNTRANSAM-MONOMER;Metabolism;;;3451
1158;ydjG;G6958_RNA;G6958-MONOMER;Metabolism;;;3465
1159;yeaE;G6967_RNA;G6967-MONOMER;Metabolism;;;3473
1160;yeaG;G6969_RNA;G6969-MONOMER;Metabolism;;;3475
515;leuE;G6984_RNA;G6984-MONOMER;Metabolism;;;3490
227;dmlA;G6986_RNA;G6986-MONOMER;Metabolism;;;3492
622;mntP;G6999_RNA;G6999-MONOMER;Metabolism;;;3505
631;msrC;G7005_RNA;G7005-MONOMER;Metabolism;;;3511
791;pphA;G7011_RNA;G7011-MONOMER;Metabolism;;;3517
1214;znuA;G7017_RNA;ZNUA-MONOMER;Metabolism;;;3523
1216;znuC;G7018_RNA;ZNUC-MONOMER;Metabolism;;;3524
1162;yecS;G7037_RNA;G7037-MONOMER;Metabolism;;;3540
208;dcyD;G7038_RNA;DCYSDESULF-MONOMER;Metabolism;;;3541
300;fliY;G7039_RNA;G7039-MONOMER;Metabolism;;;3542
424;hchA;G7055_RNA;G7055-MONOMER;Metabolism;;;3557
1082;ugd;G7091_RNA;UGD-MONOMER;Metabolism;;;3591
1114;wcaJ;G7098_RNA;G7098-MONOMER;Metabolism;;;3598
1118;wzc;G7105_RNA;G7105-MONOMER;Metabolism;;;3605
1117;wzb;G7106_RNA;G7106-MONOMER;Metabolism;;;3606
1116;wza;G7107_RNA;G7107-MONOMER;Metabolism;;;3607
1163;yegS;G7123_RNA;G7123-MONOMER;Metabolism;;;3621
351;gatZ;G7128_RNA;G7128-MONOMER;Metabolism;;;3623
283;fbaB;G7129_RNA;FRUCBISALD-CLASSI-MONOMER;Metabolism;;;3624
1024;thiD;G7135_RNA;HMP-P-KIN-MONOMER;Metabolism;;;3630
857;rcnA;G7138_RNA;G7138-MONOMER;Metabolism;;;3632
799;preT;G7145_RNA;G7145-MONOMER;Metabolism;;;3635
549;lpxT;G7146_RNA;G7146-MONOMER;Metabolism;;;3636
995;spr;G7147_RNA;G7147-MONOMER;Metabolism;;;3637
1169;yfaU;G7158_RNA;G7158-MONOMER;Metabolism;;;3645
1170;yfaW;G7160_RNA;G7160-MONOMER;Metabolism;;;3647
685;nudI;G7164_RNA;G7164-MONOMER;Metabolism;;;3651
76;arnB;G7166_RNA;G7166-MONOMER;Metabolism;;;3653
75;arnA;G7168_RNA;G7168-MONOMER;Metabolism;;;3655
854;rbn;G7175_RNA;G7175-MONOMER;RNA;Decay;;3662
26;alaA;G7184_RNA;G7184-MONOMER;Metabolism;;;3670
1171;yfbR;G7185_RNA;G7185-MONOMER;Metabolism;;;3671
1172;yfbT;G7187_RNA;G7187-MONOMER;Metabolism;;;3673
312;folX;G7195_RNA;H2NTPEPIM-MONOMER;Metabolism;;;3681
277;fadJ;G7212_RNA;G7212-MONOMER;Metabolism;;;3698
276;fadI;G7213_RNA;G7213-MONOMER;Metabolism;;;3699
1174;yfdR;G7230_RNA;G7230-MONOMER;Metabolism;;;3716
1173;yfdE;G7234_RNA;G7234-MONOMER;Metabolism;;;3720
714;oxc;G7236_RNA;G7236-MONOMER;Metabolism;;;3722
314;frc;G7237_RNA;G7237-MONOMER;Metabolism;;;3723
548;lpxP;G7241_RNA;PALMITOTRANS-MONOMER;Metabolism;;;3727
27;alaC;G7242_RNA;G7242-MONOMER;Metabolism;;;3728
621;mntH;G7254_RNA;YFEP-MONOMER;Metabolism;;;3739
738;pdxK;G7259_RNA;PDXK-MONOMER;Metabolism;;;3744
644;murQ;G7263_RNA;G7263-MONOMER;Metabolism;;;3748
1175;yfeX;G7266_RNA;G7266-MONOMER;Metabolism;;;3751
262;eutD;G7288_RNA;G7288-MONOMER;Metabolism;;;3773
569;maeB;G7293_RNA;MALIC-NADP-MONOMER;Metabolism;;;3778
477;iscS;G7325_RNA;G7325-MONOMER;Metabolism;;;3808
897;rnlA;G7365_RNA;G7365-MONOMER;RNA;Decay;;3843
28;alaE;G7399_RNA;G7399-MONOMER;Metabolism;;;3873
1177;ygaZ;G7405_RNA;G7405-MONOMER;Metabolism;;;3879
1176;ygaH;G7406_RNA;G7406-MONOMER;Metabolism;;;3880
774;pncC;G7409_RNA;G7409-MONOMER;Metabolism;;;3883
616;mltB;G7410_RNA;G7410-MONOMER;Metabolism;;;3884
792;pphB;G7415_RNA;G7415-MONOMER;Metabolism;;;3887
1062;truD;G7422_RNA;G7422-MONOMER;Metabolism;;;3894
480;ispD;G7423_RNA;G7423-MONOMER;Metabolism;;;3895
1061;truC;G7449_RNA;G7449-MONOMER;Metabolism;;;3919
164;csdA;G7454_RNA;G7454-MONOMER;Metabolism;;;3924
1015;tcdA;G7456_RNA;G7456-MONOMER;Metabolism;;;3926
615;mltA;G7457_RNA;G7457-MONOMER;Metabolism;;;3927
1123;xdhA;G7485_RNA;G7485-MONOMER;Metabolism;;;3954
1124;xdhB;G7486_RNA;G7486-MONOMER;Metabolism;;;3955
1125;xdhC;G7487_RNA;G7487-MONOMER;Metabolism;;;3956
1120;xanQ;G7501_RNA;YGFO-MONOMER;Metabolism;;;3970
422;guaD;G7502_RNA;G7502-MONOMER;Metabolism;;;3971
1178;ygfQ;G7503_RNA;G7504-MONOMER;Metabolism;;;3972
1072;uacT;G7507_RNA;YGFU-MONOMER;Metabolism;;;3975
459;idi;G7508_RNA;IPPISOM-MONOMER;Metabolism;;;3976
969;scpB;G7516_RNA;G7516-MONOMER;Metabolism;;;3984
970;scpC;G7517_RNA;G7517-MONOMER;Metabolism;;;3985
859;rdgB;G7530_RNA;G7530-MONOMER;Metabolism;;;3997
617;mltC;G7533_RNA;G7533-MONOMER;Metabolism;;;4000
358;glcA;G7542_RNA;B2975-MONOMER;Metabolism;;;4008
361;glcE;G7544_RNA;G7544-MONOMER;Metabolism;;;4010
360;glcD;G7545_RNA;G7545-MONOMER;Metabolism;;;4011
1181;yghZ;G7558_RNA;G7558-MONOMER;Metabolism;;;4024
1209;yqhD;G7564_RNA;G7564-MONOMER;Metabolism;;;4027
224;dkgA;G7565_RNA;MONOMER0-148;Metabolism;;;4028
159;cpdA;G7579_RNA;G7579-MONOMER;Metabolism;;;4040
863;rfaE;G7590_RNA;G7590-MONOMER;Metabolism;;;4049
732;patA;G7596_RNA;G7596-MONOMER;Metabolism;;;4053
1019;tdcG;G7624_RNA;LSERINEDEAM3-MONOMER;Metabolism;;;4079
489;kbaZ;G7631_RNA;G7631-MONOMER;Metabolism;;;4084
963;rsmI;G7641_RNA;G7641-MONOMER;Metabolism;;;4094
1183;yhbO;G7647_RNA;G7647-MONOMER;Metabolism;;;4100
500;kdsD;G7662_RNA;G7662-MONOMER;Metabolism;;;4113
499;kdsC;G7663_RNA;G7663-MONOMER;Metabolism;;;4114
535;lptC;G7664_RNA;G7664-MONOMER;Metabolism;;;4115
533;lptA;G7665_RNA;YHBN-MONOMER;Metabolism;;;4116
658;nanK;G7676_RNA;NANK-MONOMER;Metabolism;;;4126
657;nanE;G7677_RNA;NANE-MONOMER;Metabolism;;;4127
298;fkpA;G7716_RNA;G7716-MONOMER;Metabolism;;;4163
320;frlB;G7723_RNA;G7723-MONOMER;Metabolism;;;4169
321;frlC;G7724_RNA;G7724-MONOMER;Metabolism;;;4170
322;frlD;G7726_RNA;G7726-MONOMER;Metabolism;;;4171
1210;yrfG;G7742_RNA;G7742-MONOMER;Metabolism;;;4187
207;dcuR;G7826_RNA;DCUR-MONOMER;Transcription;Regulation;;4223
1202;yjeH;G7833_RNA;B4141-MONOMER;Metabolism;;;4229
256;epmB;G7836_RNA;G7836-MONOMER;Metabolism;;;4232
711;orn;G7842_RNA;G7842-MONOMER;RNA;Decay;;4238
1088;ulaD;G7858_RNA;G7858-MONOMER;Metabolism;;;4253
1089;ulaE;G7859_RNA;G7859-MONOMER;Metabolism;;;4254
1090;ulaF;G7860_RNA;G7860-MONOMER;Metabolism;;;4255
297;fklB;G7865_RNA;G7865-MONOMER;Metabolism;;;4260
1211;ytfG;G7868_RNA;G7868-MONOMER;Metabolism;;;4263
538;lptF;G7888_RNA;G7888-MONOMER;Metabolism;;;4281
539;lptG;G7889_RNA;G7889-MONOMER;Metabolism;;;4282
462;idnO;G7892_RNA;GLUCONREDUCT-MONOMER;Metabolism;;;4285
460;idnD;G7893_RNA;IDONDEHYD-MONOMER;Metabolism;;;4286
1203;yjhG;G7910_RNA;G7910-MONOMER;Metabolism;;;4302
1204;yjhH;G7911_RNA;G7911-MONOMER;Metabolism;;;4303
659;nanM;G7920_RNA;G7920-MONOMER;Metabolism;;;4312
656;nanC;G7921_RNA;G7921-MONOMER;Metabolism;;;4313
125;bglJ;G7948_RNA;G7948-MONOMER;Transcription;Regulation;;4338
292;feaB;G7961_RNA;PHENDEHYD-MONOMER;Metabolism;;;4345
682;nrdG;G812_RNA;RNTRACTIV-MONOMER;Metabolism;;;4347
1096;uxaC;G81_RNA;UXAC-MONOMER;Metabolism;;;4348
471;ilvG_1;G8221_RNA;G8221-MONOMER;Metabolism;;;4356
1121;xapA;G85_RNA;XANTHOSINEPHOSPHORY-MONOMER;Metabolism;;;4357
901;rpe;M004_RNA;RIBULP3EPIM-MONOMER;Metabolism;;;4365
610;mhpD;M013_RNA;MHPDHYDROL-MONOMER;Metabolism;;;4371
612;mhpF;M014_RNA;MHPF-MONOMER;Metabolism;;;4372